name,model,formula,threads,time_s,memory_MB,search_strategy
mexican_standoff_3p_1hp_lcgs_survive,mexican_standoff/mexican_standoff_3p_1hp.lcgs,mexican_standoff/can_p1_guarantee_to_survive_FALSE.json,1,0.018000898882746696,3.234375,los
mexican_standoff_3p_1hp_lcgs_survive,mexican_standoff/mexican_standoff_3p_1hp.lcgs,mexican_standoff/can_p1_guarantee_to_survive_FALSE.json,2,0.0217280276119709,0.24609375,los
mexican_standoff_3p_1hp_lcgs_survive,mexican_standoff/mexican_standoff_3p_1hp.lcgs,mexican_standoff/can_p1_guarantee_to_survive_FALSE.json,4,0.02269512228667736,0.07421875,los
mexican_standoff_3p_1hp_lcgs_survive,mexican_standoff/mexican_standoff_3p_1hp.lcgs,mexican_standoff/can_p1_guarantee_to_survive_FALSE.json,8,0.018714535981416702,0.015625,los
mexican_standoff_3p_1hp_lcgs_survive,mexican_standoff/mexican_standoff_3p_1hp.lcgs,mexican_standoff/can_p1_guarantee_to_survive_FALSE.json,16,0.02307175099849701,0.01171875,los
mexican_standoff_3p_1hp_lcgs_survive,mexican_standoff/mexican_standoff_3p_1hp.lcgs,mexican_standoff/can_p1_guarantee_to_survive_FALSE.json,32,0.027695931494235992,0.0078125,los
mexican_standoff_3p_1hp_lcgs_suicide,mexican_standoff/mexican_standoff_3p_1hp.lcgs,mexican_standoff/can_p1_suicide_FALSE.json,1,0.017687272280454636,0.00390625,los
mexican_standoff_3p_1hp_lcgs_suicide,mexican_standoff/mexican_standoff_3p_1hp.lcgs,mexican_standoff/can_p1_suicide_FALSE.json,2,0.02592177502810955,0.015625,los
mexican_standoff_3p_1hp_lcgs_suicide,mexican_standoff/mexican_standoff_3p_1hp.lcgs,mexican_standoff/can_p1_suicide_FALSE.json,4,0.02752334624528885,0.0,los
mexican_standoff_3p_1hp_lcgs_suicide,mexican_standoff/mexican_standoff_3p_1hp.lcgs,mexican_standoff/can_p1_suicide_FALSE.json,8,0.039939843118190765,0.01171875,los
mexican_standoff_3p_1hp_lcgs_suicide,mexican_standoff/mexican_standoff_3p_1hp.lcgs,mexican_standoff/can_p1_suicide_FALSE.json,16,0.07315761968493462,0.0078125,los
mexican_standoff_3p_1hp_lcgs_suicide,mexican_standoff/mexican_standoff_3p_1hp.lcgs,mexican_standoff/can_p1_suicide_FALSE.json,32,0.11360161937773228,0.0,los
mexican_standoff_3p_1hp_lcgs_teamwork,mexican_standoff/mexican_standoff_3p_1hp.lcgs,mexican_standoff/can_2_players_guarantee_atleast_one_of_them_survives.json,1,0.01865081861615181,0.01171875,los
mexican_standoff_3p_1hp_lcgs_teamwork,mexican_standoff/mexican_standoff_3p_1hp.lcgs,mexican_standoff/can_2_players_guarantee_atleast_one_of_them_survives.json,2,0.027023939415812492,0.00390625,los
mexican_standoff_3p_1hp_lcgs_teamwork,mexican_standoff/mexican_standoff_3p_1hp.lcgs,mexican_standoff/can_2_players_guarantee_atleast_one_of_them_survives.json,4,0.0360685121268034,0.00390625,los
mexican_standoff_3p_1hp_lcgs_teamwork,mexican_standoff/mexican_standoff_3p_1hp.lcgs,mexican_standoff/can_2_players_guarantee_atleast_one_of_them_survives.json,8,0.04175479896366596,0.0,los
mexican_standoff_3p_1hp_lcgs_teamwork,mexican_standoff/mexican_standoff_3p_1hp.lcgs,mexican_standoff/can_2_players_guarantee_atleast_one_of_them_survives.json,16,0.07899053953588009,0.0,los
mexican_standoff_3p_1hp_lcgs_teamwork,mexican_standoff/mexican_standoff_3p_1hp.lcgs,mexican_standoff/can_2_players_guarantee_atleast_one_of_them_survives.json,32,0.12126629613339901,0.0078125,los
mexican_standoff_3p_3hp_lcgs_survive,mexican_standoff/mexican_standoff_3p_3hp.lcgs,mexican_standoff/can_p1_guarantee_to_survive_FALSE.json,1,0.02355238050222397,0.0,los
mexican_standoff_3p_3hp_lcgs_survive,mexican_standoff/mexican_standoff_3p_3hp.lcgs,mexican_standoff/can_p1_guarantee_to_survive_FALSE.json,2,0.023122232407331467,0.0,los
mexican_standoff_3p_3hp_lcgs_survive,mexican_standoff/mexican_standoff_3p_3hp.lcgs,mexican_standoff/can_p1_guarantee_to_survive_FALSE.json,4,0.02277660369873047,0.01171875,los
mexican_standoff_3p_3hp_lcgs_survive,mexican_standoff/mexican_standoff_3p_3hp.lcgs,mexican_standoff/can_p1_guarantee_to_survive_FALSE.json,8,0.026884810999035835,0.00390625,los
mexican_standoff_3p_3hp_lcgs_survive,mexican_standoff/mexican_standoff_3p_3hp.lcgs,mexican_standoff/can_p1_guarantee_to_survive_FALSE.json,16,0.026456376537680626,0.0,los
mexican_standoff_3p_3hp_lcgs_survive,mexican_standoff/mexican_standoff_3p_3hp.lcgs,mexican_standoff/can_p1_guarantee_to_survive_FALSE.json,32,0.02575972117483616,0.0,los
mexican_standoff_3p_3hp_lcgs_suicide,mexican_standoff/mexican_standoff_3p_3hp.lcgs,mexican_standoff/can_p1_suicide_FALSE.json,1,0.03373020142316818,0.00390625,los
mexican_standoff_3p_3hp_lcgs_suicide,mexican_standoff/mexican_standoff_3p_3hp.lcgs,mexican_standoff/can_p1_suicide_FALSE.json,2,0.035979416221380234,0.00390625,los
mexican_standoff_3p_3hp_lcgs_suicide,mexican_standoff/mexican_standoff_3p_3hp.lcgs,mexican_standoff/can_p1_suicide_FALSE.json,4,0.04328416660428047,0.0,los
mexican_standoff_3p_3hp_lcgs_suicide,mexican_standoff/mexican_standoff_3p_3hp.lcgs,mexican_standoff/can_p1_suicide_FALSE.json,8,0.05072747357189655,0.0,los
mexican_standoff_3p_3hp_lcgs_suicide,mexican_standoff/mexican_standoff_3p_3hp.lcgs,mexican_standoff/can_p1_suicide_FALSE.json,16,0.0736455861479044,0.00390625,los
mexican_standoff_3p_3hp_lcgs_suicide,mexican_standoff/mexican_standoff_3p_3hp.lcgs,mexican_standoff/can_p1_suicide_FALSE.json,32,0.12566351890563965,0.00390625,los
mexican_standoff_3p_3hp_lcgs_teamwork,mexican_standoff/mexican_standoff_3p_3hp.lcgs,mexican_standoff/can_2_players_guarantee_atleast_one_of_them_survives.json,1,0.0365629717707634,0.0,los
mexican_standoff_3p_3hp_lcgs_teamwork,mexican_standoff/mexican_standoff_3p_3hp.lcgs,mexican_standoff/can_2_players_guarantee_atleast_one_of_them_survives.json,2,0.040023449808359146,0.0,los
mexican_standoff_3p_3hp_lcgs_teamwork,mexican_standoff/mexican_standoff_3p_3hp.lcgs,mexican_standoff/can_2_players_guarantee_atleast_one_of_them_survives.json,4,0.044246772304177284,0.00390625,los
mexican_standoff_3p_3hp_lcgs_teamwork,mexican_standoff/mexican_standoff_3p_3hp.lcgs,mexican_standoff/can_2_players_guarantee_atleast_one_of_them_survives.json,8,0.053326308727264404,0.0,los
mexican_standoff_3p_3hp_lcgs_teamwork,mexican_standoff/mexican_standoff_3p_3hp.lcgs,mexican_standoff/can_2_players_guarantee_atleast_one_of_them_survives.json,16,0.06565412692725658,0.0,los
mexican_standoff_3p_3hp_lcgs_teamwork,mexican_standoff/mexican_standoff_3p_3hp.lcgs,mexican_standoff/can_2_players_guarantee_atleast_one_of_them_survives.json,32,0.12400766275823116,0.0,los
mexican_standoff_5p_1hp_lcgs_survive,mexican_standoff/mexican_standoff_5p_1hp.lcgs,mexican_standoff/can_p1_guarantee_to_survive_FALSE.json,1,0.13999032974243164,0.00390625,los
mexican_standoff_5p_1hp_lcgs_survive,mexican_standoff/mexican_standoff_5p_1hp.lcgs,mexican_standoff/can_p1_guarantee_to_survive_FALSE.json,2,0.13773749396204948,0.0,los
mexican_standoff_5p_1hp_lcgs_survive,mexican_standoff/mexican_standoff_5p_1hp.lcgs,mexican_standoff/can_p1_guarantee_to_survive_FALSE.json,4,0.09298317320644855,0.0,los
mexican_standoff_5p_1hp_lcgs_survive,mexican_standoff/mexican_standoff_5p_1hp.lcgs,mexican_standoff/can_p1_guarantee_to_survive_FALSE.json,8,0.08370284736156464,0.0,los
mexican_standoff_5p_1hp_lcgs_survive,mexican_standoff/mexican_standoff_5p_1hp.lcgs,mexican_standoff/can_p1_guarantee_to_survive_FALSE.json,16,0.08195561170578003,0.00390625,los
mexican_standoff_5p_1hp_lcgs_survive,mexican_standoff/mexican_standoff_5p_1hp.lcgs,mexican_standoff/can_p1_guarantee_to_survive_FALSE.json,32,0.07318182662129402,0.0,los
mexican_standoff_5p_1hp_lcgs_suicide,mexican_standoff/mexican_standoff_5p_1hp.lcgs,mexican_standoff/can_p1_suicide_FALSE.json,1,0.181475680321455,0.0,los
mexican_standoff_5p_1hp_lcgs_suicide,mexican_standoff/mexican_standoff_5p_1hp.lcgs,mexican_standoff/can_p1_suicide_FALSE.json,2,0.1929734330624342,0.0078125,los
mexican_standoff_5p_1hp_lcgs_suicide,mexican_standoff/mexican_standoff_5p_1hp.lcgs,mexican_standoff/can_p1_suicide_FALSE.json,4,0.19518261589109898,0.0,los
mexican_standoff_5p_1hp_lcgs_suicide,mexican_standoff/mexican_standoff_5p_1hp.lcgs,mexican_standoff/can_p1_suicide_FALSE.json,8,0.1895743403583765,0.00390625,los
mexican_standoff_5p_1hp_lcgs_suicide,mexican_standoff/mexican_standoff_5p_1hp.lcgs,mexican_standoff/can_p1_suicide_FALSE.json,16,0.21271090023219585,0.0,los
mexican_standoff_5p_1hp_lcgs_suicide,mexican_standoff/mexican_standoff_5p_1hp.lcgs,mexican_standoff/can_p1_suicide_FALSE.json,32,0.23863410763442516,0.0,los
mexican_standoff_5p_1hp_lcgs_teamwork,mexican_standoff/mexican_standoff_5p_1hp.lcgs,mexican_standoff/can_3_players_guarantee_atleast_one_of_them_survives.json,1,0.5032769478857517,0.0,los
mexican_standoff_5p_1hp_lcgs_teamwork,mexican_standoff/mexican_standoff_5p_1hp.lcgs,mexican_standoff/can_3_players_guarantee_atleast_one_of_them_survives.json,2,0.4218867104500532,0.0,los
mexican_standoff_5p_1hp_lcgs_teamwork,mexican_standoff/mexican_standoff_5p_1hp.lcgs,mexican_standoff/can_3_players_guarantee_atleast_one_of_them_survives.json,4,0.4010143354535103,0.0,los
mexican_standoff_5p_1hp_lcgs_teamwork,mexican_standoff/mexican_standoff_5p_1hp.lcgs,mexican_standoff/can_3_players_guarantee_atleast_one_of_them_survives.json,8,0.3759374376386404,0.0078125,los
mexican_standoff_5p_1hp_lcgs_teamwork,mexican_standoff/mexican_standoff_5p_1hp.lcgs,mexican_standoff/can_3_players_guarantee_atleast_one_of_them_survives.json,16,0.40078875981271267,0.0,los
mexican_standoff_5p_1hp_lcgs_teamwork,mexican_standoff/mexican_standoff_5p_1hp.lcgs,mexican_standoff/can_3_players_guarantee_atleast_one_of_them_survives.json,32,0.43526196479797363,0.0,los
mexican_standoff_5p_3hp_lcgs_survive,mexican_standoff/mexican_standoff_5p_3hp.lcgs,mexican_standoff/can_p1_guarantee_to_survive_FALSE.json,1,0.7652721777558327,0.00390625,los
mexican_standoff_5p_3hp_lcgs_survive,mexican_standoff/mexican_standoff_5p_3hp.lcgs,mexican_standoff/can_p1_guarantee_to_survive_FALSE.json,2,0.604009211063385,0.0,los
mexican_standoff_5p_3hp_lcgs_survive,mexican_standoff/mexican_standoff_5p_3hp.lcgs,mexican_standoff/can_p1_guarantee_to_survive_FALSE.json,4,0.5452905911952257,0.0,los
mexican_standoff_5p_3hp_lcgs_survive,mexican_standoff/mexican_standoff_5p_3hp.lcgs,mexican_standoff/can_p1_guarantee_to_survive_FALSE.json,8,0.8489553350955248,0.0,los
mexican_standoff_5p_3hp_lcgs_survive,mexican_standoff/mexican_standoff_5p_3hp.lcgs,mexican_standoff/can_p1_guarantee_to_survive_FALSE.json,16,1.8775953669101,61.07421875,los
mexican_standoff_5p_3hp_lcgs_survive,mexican_standoff/mexican_standoff_5p_3hp.lcgs,mexican_standoff/can_p1_guarantee_to_survive_FALSE.json,32,0.7172359693795443,0.0,los
mexican_standoff_5p_3hp_lcgs_suicide,mexican_standoff/mexican_standoff_5p_3hp.lcgs,mexican_standoff/can_p1_suicide_FALSE.json,1,26.452067425474524,156.86328125,los
mexican_standoff_5p_3hp_lcgs_suicide,mexican_standoff/mexican_standoff_5p_3hp.lcgs,mexican_standoff/can_p1_suicide_FALSE.json,2,17.005191234871745,29.12109375,los
mexican_standoff_5p_3hp_lcgs_suicide,mexican_standoff/mexican_standoff_5p_3hp.lcgs,mexican_standoff/can_p1_suicide_FALSE.json,4,9.311025695875287,0.0,los
mexican_standoff_5p_3hp_lcgs_suicide,mexican_standoff/mexican_standoff_5p_3hp.lcgs,mexican_standoff/can_p1_suicide_FALSE.json,8,6.8595459330827,8.125,los
mexican_standoff_5p_3hp_lcgs_suicide,mexican_standoff/mexican_standoff_5p_3hp.lcgs,mexican_standoff/can_p1_suicide_FALSE.json,16,5.638408973813057,1.78515625,los
mexican_standoff_5p_3hp_lcgs_suicide,mexican_standoff/mexican_standoff_5p_3hp.lcgs,mexican_standoff/can_p1_suicide_FALSE.json,32,5.645835991948843,8.59375,los
mexican_standoff_5p_3hp_lcgs_teamwork,mexican_standoff/mexican_standoff_5p_3hp.lcgs,mexican_standoff/can_3_players_guarantee_atleast_one_of_them_survives.json,1,80.90597022883594,626.2734375,los
mexican_standoff_5p_3hp_lcgs_teamwork,mexican_standoff/mexican_standoff_5p_3hp.lcgs,mexican_standoff/can_3_players_guarantee_atleast_one_of_them_survives.json,2,43.52669260464609,20.2421875,los
mexican_standoff_5p_3hp_lcgs_teamwork,mexican_standoff/mexican_standoff_5p_3hp.lcgs,mexican_standoff/can_3_players_guarantee_atleast_one_of_them_survives.json,4,30.338581981137395,11.671875,los
mexican_standoff_5p_3hp_lcgs_teamwork,mexican_standoff/mexican_standoff_5p_3hp.lcgs,mexican_standoff/can_3_players_guarantee_atleast_one_of_them_survives.json,8,26.690043594688177,12.0625,los
mexican_standoff_5p_3hp_lcgs_teamwork,mexican_standoff/mexican_standoff_5p_3hp.lcgs,mexican_standoff/can_3_players_guarantee_atleast_one_of_them_survives.json,16,29.35688702389598,48.046875,los
mexican_standoff_5p_3hp_lcgs_teamwork,mexican_standoff/mexican_standoff_5p_3hp.lcgs,mexican_standoff/can_3_players_guarantee_atleast_one_of_them_survives.json,32,29.285667335614562,8.140625,los
ttt1,tic_tac_toe/tic_tac_toe.lcgs,tic_tac_toe/can_cross_avoid_lose_TRUE.json,1,0.49702764861285686,0.0,los
ttt1,tic_tac_toe/tic_tac_toe.lcgs,tic_tac_toe/can_cross_avoid_lose_TRUE.json,2,0.5449130404740572,0.0,los
ttt1,tic_tac_toe/tic_tac_toe.lcgs,tic_tac_toe/can_cross_avoid_lose_TRUE.json,4,0.3643623888492584,0.0,los
ttt1,tic_tac_toe/tic_tac_toe.lcgs,tic_tac_toe/can_cross_avoid_lose_TRUE.json,8,0.29665123112499714,0.0,los
ttt1,tic_tac_toe/tic_tac_toe.lcgs,tic_tac_toe/can_cross_avoid_lose_TRUE.json,16,0.2460126392543316,0.0,los
ttt1,tic_tac_toe/tic_tac_toe.lcgs,tic_tac_toe/can_cross_avoid_lose_TRUE.json,32,0.21049906127154827,0.0,los
ttt2,tic_tac_toe/tic_tac_toe.lcgs,tic_tac_toe/can_cross_guarantee_tie_TRUE.json,1,0.8057225029915571,0.0,los
ttt2,tic_tac_toe/tic_tac_toe.lcgs,tic_tac_toe/can_cross_guarantee_tie_TRUE.json,2,0.4761680904775858,0.0,los
ttt2,tic_tac_toe/tic_tac_toe.lcgs,tic_tac_toe/can_cross_guarantee_tie_TRUE.json,4,0.30136349610984325,0.0,los
ttt2,tic_tac_toe/tic_tac_toe.lcgs,tic_tac_toe/can_cross_guarantee_tie_TRUE.json,8,0.22239891439676285,0.0,los
ttt2,tic_tac_toe/tic_tac_toe.lcgs,tic_tac_toe/can_cross_guarantee_tie_TRUE.json,16,0.20136014185845852,0.0,los
ttt2,tic_tac_toe/tic_tac_toe.lcgs,tic_tac_toe/can_cross_guarantee_tie_TRUE.json,32,0.20260502584278584,0.0,los
ttt3,tic_tac_toe/tic_tac_toe.lcgs,tic_tac_toe/can_cross_guarantee_win_FALSE.json,1,0.808159563690424,0.0,los
ttt3,tic_tac_toe/tic_tac_toe.lcgs,tic_tac_toe/can_cross_guarantee_win_FALSE.json,2,0.47027172334492207,0.0,los
ttt3,tic_tac_toe/tic_tac_toe.lcgs,tic_tac_toe/can_cross_guarantee_win_FALSE.json,4,0.3034472558647394,0.0,los
ttt3,tic_tac_toe/tic_tac_toe.lcgs,tic_tac_toe/can_cross_guarantee_win_FALSE.json,8,0.23345264606177807,0.0,los
ttt3,tic_tac_toe/tic_tac_toe.lcgs,tic_tac_toe/can_cross_guarantee_win_FALSE.json,16,0.2122032679617405,0.0,los
ttt3,tic_tac_toe/tic_tac_toe.lcgs,tic_tac_toe/can_cross_guarantee_win_FALSE.json,32,0.21152951195836067,0.0,los
ttt4,tic_tac_toe/tic_tac_toe.lcgs,tic_tac_toe/can_nought_avoid_lose_TRUE.json,1,0.9639081005007029,0.0,los
ttt4,tic_tac_toe/tic_tac_toe.lcgs,tic_tac_toe/can_nought_avoid_lose_TRUE.json,2,0.5820807609707117,0.0,los
ttt4,tic_tac_toe/tic_tac_toe.lcgs,tic_tac_toe/can_nought_avoid_lose_TRUE.json,4,0.3872616048902273,0.0,los
ttt4,tic_tac_toe/tic_tac_toe.lcgs,tic_tac_toe/can_nought_avoid_lose_TRUE.json,8,0.3096191808581352,0.0,los
ttt4,tic_tac_toe/tic_tac_toe.lcgs,tic_tac_toe/can_nought_avoid_lose_TRUE.json,16,0.27024675346910954,0.0,los
ttt4,tic_tac_toe/tic_tac_toe.lcgs,tic_tac_toe/can_nought_avoid_lose_TRUE.json,32,0.21610194817185402,0.0,los
ttt5,tic_tac_toe/tic_tac_toe.lcgs,tic_tac_toe/can_nought_guarantee_win_FALSE.json,1,0.789387471973896,0.0,los
ttt5,tic_tac_toe/tic_tac_toe.lcgs,tic_tac_toe/can_nought_guarantee_win_FALSE.json,2,0.46243603713810444,0.0,los
ttt5,tic_tac_toe/tic_tac_toe.lcgs,tic_tac_toe/can_nought_guarantee_win_FALSE.json,4,0.2968842089176178,0.0,los
ttt5,tic_tac_toe/tic_tac_toe.lcgs,tic_tac_toe/can_nought_guarantee_win_FALSE.json,8,0.2277174685150385,0.0,los
ttt5,tic_tac_toe/tic_tac_toe.lcgs,tic_tac_toe/can_nought_guarantee_win_FALSE.json,16,0.21315890923142433,0.0,los
ttt5,tic_tac_toe/tic_tac_toe.lcgs,tic_tac_toe/can_nought_guarantee_win_FALSE.json,32,0.21290709637105465,0.0,los
rc3_1,robot_grid/robot_grid_N3.lcgs,robot_grid/can_r1_and_r2_swap_with_help_from_r3_FALSE.json,1,55.140088740736246,0.0,los
rc3_1,robot_grid/robot_grid_N3.lcgs,robot_grid/can_r1_and_r2_swap_with_help_from_r3_FALSE.json,2,28.61271901242435,0.0,los
rc3_1,robot_grid/robot_grid_N3.lcgs,robot_grid/can_r1_and_r2_swap_with_help_from_r3_FALSE.json,4,15.457796392962337,0.0,los
rc3_1,robot_grid/robot_grid_N3.lcgs,robot_grid/can_r1_and_r2_swap_with_help_from_r3_FALSE.json,8,8.639177989214659,0.0,los
rc3_1,robot_grid/robot_grid_N3.lcgs,robot_grid/can_r1_and_r2_swap_with_help_from_r3_FALSE.json,16,5.63537872582674,140.29296875,los
rc3_1,robot_grid/robot_grid_N3.lcgs,robot_grid/can_r1_and_r2_swap_with_help_from_r3_FALSE.json,32,3.9493993520736694,37.3203125,los
rc3_2,robot_grid/robot_grid_N3.lcgs,robot_grid/everyone_starts_home_TRUE.json,1,0.017447711899876595,0.0,los
rc3_2,robot_grid/robot_grid_N3.lcgs,robot_grid/everyone_starts_home_TRUE.json,2,0.028104573488235474,0.0,los
rc3_2,robot_grid/robot_grid_N3.lcgs,robot_grid/everyone_starts_home_TRUE.json,4,0.02906583622097969,0.0,los
rc3_2,robot_grid/robot_grid_N3.lcgs,robot_grid/everyone_starts_home_TRUE.json,8,0.031245512887835503,0.0,los
rc3_2,robot_grid/robot_grid_N3.lcgs,robot_grid/everyone_starts_home_TRUE.json,16,0.03679065592586994,0.0,los
rc3_2,robot_grid/robot_grid_N3.lcgs,robot_grid/everyone_starts_home_TRUE.json,32,0.05509308539330959,0.0,los
rc3_3,robot_grid/robot_grid_N3.lcgs,robot_grid/exist_path_to_targets_with_no_crashes_TRUE.json,1,0.7101463321596384,0.0,los
rc3_3,robot_grid/robot_grid_N3.lcgs,robot_grid/exist_path_to_targets_with_no_crashes_TRUE.json,2,0.868059579282999,0.0,los
rc3_3,robot_grid/robot_grid_N3.lcgs,robot_grid/exist_path_to_targets_with_no_crashes_TRUE.json,4,1.1135311219841242,0.0,los
rc3_3,robot_grid/robot_grid_N3.lcgs,robot_grid/exist_path_to_targets_with_no_crashes_TRUE.json,8,7.053826978430152,0.0,los
rc3_3,robot_grid/robot_grid_N3.lcgs,robot_grid/exist_path_to_targets_with_no_crashes_TRUE.json,16,3.9159991033375263,0.0,los
rc3_3,robot_grid/robot_grid_N3.lcgs,robot_grid/exist_path_to_targets_with_no_crashes_TRUE.json,32,2.3154178354889154,0.0,los
rc4_1,robot_grid/robot_grid_N4.lcgs,robot_grid/can_r1_and_r2_swap_with_help_from_r3_FALSE.json,1,1099.9838297758251,9707.6640625,los
rc4_1,robot_grid/robot_grid_N4.lcgs,robot_grid/can_r1_and_r2_swap_with_help_from_r3_FALSE.json,2,555.3533403351903,515.01171875,los
rc4_1,robot_grid/robot_grid_N4.lcgs,robot_grid/can_r1_and_r2_swap_with_help_from_r3_FALSE.json,4,275.97621178254485,1412.625,los
rc4_1,robot_grid/robot_grid_N4.lcgs,robot_grid/can_r1_and_r2_swap_with_help_from_r3_FALSE.json,8,144.94891027733684,202.73828125,los
rc4_1,robot_grid/robot_grid_N4.lcgs,robot_grid/can_r1_and_r2_swap_with_help_from_r3_FALSE.json,16,99.31236877292395,2054.87109375,los
rc4_1,robot_grid/robot_grid_N4.lcgs,robot_grid/can_r1_and_r2_swap_with_help_from_r3_FALSE.json,32,62.292875461280346,487.6484375,los
rc4_2,robot_grid/robot_grid_N4.lcgs,robot_grid/everyone_starts_home_TRUE.json,1,0.025566739961504936,0.0,los
rc4_2,robot_grid/robot_grid_N4.lcgs,robot_grid/everyone_starts_home_TRUE.json,2,0.027655484154820442,0.0,los
rc4_2,robot_grid/robot_grid_N4.lcgs,robot_grid/everyone_starts_home_TRUE.json,4,0.026324519887566566,0.0,los
rc4_2,robot_grid/robot_grid_N4.lcgs,robot_grid/everyone_starts_home_TRUE.json,8,0.030154740437865257,0.0,los
rc4_2,robot_grid/robot_grid_N4.lcgs,robot_grid/everyone_starts_home_TRUE.json,16,0.039245739579200745,0.0,los
rc4_2,robot_grid/robot_grid_N4.lcgs,robot_grid/everyone_starts_home_TRUE.json,32,0.048054831102490425,0.0,los
rc4_3,robot_grid/robot_grid_N4.lcgs,robot_grid/exist_path_to_targets_with_no_crashes_TRUE.json,1,0.8684086557477713,0.0,los
rc4_3,robot_grid/robot_grid_N4.lcgs,robot_grid/exist_path_to_targets_with_no_crashes_TRUE.json,2,11.172376085072756,0.0,los
rc4_3,robot_grid/robot_grid_N4.lcgs,robot_grid/exist_path_to_targets_with_no_crashes_TRUE.json,4,27.258209003135562,0.0,los
rc4_3,robot_grid/robot_grid_N4.lcgs,robot_grid/exist_path_to_targets_with_no_crashes_TRUE.json,8,13.963160667568445,0.0,los
rc4_3,robot_grid/robot_grid_N4.lcgs,robot_grid/exist_path_to_targets_with_no_crashes_TRUE.json,16,49.27017693221569,0.0,los
rc4_3,robot_grid/robot_grid_N4.lcgs,robot_grid/exist_path_to_targets_with_no_crashes_TRUE.json,32,5.152963198721409,0.0,los
prismlike_rc3_1,robot_grid/prismlike_robot_grid_N3.lcgs,robot_grid/can_r1_and_r2_swap_with_help_from_r3_FALSE.json,1,23.806089935824275,0.0,los
prismlike_rc3_1,robot_grid/prismlike_robot_grid_N3.lcgs,robot_grid/can_r1_and_r2_swap_with_help_from_r3_FALSE.json,2,12.417099026963115,0.0,los
prismlike_rc3_1,robot_grid/prismlike_robot_grid_N3.lcgs,robot_grid/can_r1_and_r2_swap_with_help_from_r3_FALSE.json,4,6.802568208426237,0.0,los
prismlike_rc3_1,robot_grid/prismlike_robot_grid_N3.lcgs,robot_grid/can_r1_and_r2_swap_with_help_from_r3_FALSE.json,8,3.7658056393265724,0.0,los
prismlike_rc3_1,robot_grid/prismlike_robot_grid_N3.lcgs,robot_grid/can_r1_and_r2_swap_with_help_from_r3_FALSE.json,16,2.510663343593478,0.0,los
prismlike_rc3_1,robot_grid/prismlike_robot_grid_N3.lcgs,robot_grid/can_r1_and_r2_swap_with_help_from_r3_FALSE.json,32,1.902825754135847,0.0,los
prismlike_rc3_2,robot_grid/prismlike_robot_grid_N3.lcgs,robot_grid/everyone_starts_home_TRUE.json,1,0.02074221894145012,0.0,los
prismlike_rc3_2,robot_grid/prismlike_robot_grid_N3.lcgs,robot_grid/everyone_starts_home_TRUE.json,2,0.022875817492604256,0.0,los
prismlike_rc3_2,robot_grid/prismlike_robot_grid_N3.lcgs,robot_grid/everyone_starts_home_TRUE.json,4,0.016256719827651978,0.0,los
prismlike_rc3_2,robot_grid/prismlike_robot_grid_N3.lcgs,robot_grid/everyone_starts_home_TRUE.json,8,0.01871020905673504,0.0,los
prismlike_rc3_2,robot_grid/prismlike_robot_grid_N3.lcgs,robot_grid/everyone_starts_home_TRUE.json,16,0.027679771184921265,0.0,los
prismlike_rc3_2,robot_grid/prismlike_robot_grid_N3.lcgs,robot_grid/everyone_starts_home_TRUE.json,32,0.040493547916412354,0.0,los
prismlike_rc3_3,robot_grid/prismlike_robot_grid_N3.lcgs,robot_grid/exist_path_to_targets_with_no_crashes_TRUE.json,1,0.4922346156090498,0.0,los
prismlike_rc3_3,robot_grid/prismlike_robot_grid_N3.lcgs,robot_grid/exist_path_to_targets_with_no_crashes_TRUE.json,2,0.31051421351730824,0.0,los
prismlike_rc3_3,robot_grid/prismlike_robot_grid_N3.lcgs,robot_grid/exist_path_to_targets_with_no_crashes_TRUE.json,4,5.829870987683535,0.0,los
prismlike_rc3_3,robot_grid/prismlike_robot_grid_N3.lcgs,robot_grid/exist_path_to_targets_with_no_crashes_TRUE.json,8,3.218664212152362,0.0,los
prismlike_rc3_3,robot_grid/prismlike_robot_grid_N3.lcgs,robot_grid/exist_path_to_targets_with_no_crashes_TRUE.json,16,1.8297307752072811,0.0,los
prismlike_rc3_3,robot_grid/prismlike_robot_grid_N3.lcgs,robot_grid/exist_path_to_targets_with_no_crashes_TRUE.json,32,1.1590536702424288,0.0,los
prismlike_rc4_1,robot_grid/prismlike_robot_grid_N4.lcgs,robot_grid/can_r1_and_r2_swap_with_help_from_r3_FALSE.json,1,543.9803766459227,0.0,los
prismlike_rc4_1,robot_grid/prismlike_robot_grid_N4.lcgs,robot_grid/can_r1_and_r2_swap_with_help_from_r3_FALSE.json,2,277.1444056648761,0.0,los
prismlike_rc4_1,robot_grid/prismlike_robot_grid_N4.lcgs,robot_grid/can_r1_and_r2_swap_with_help_from_r3_FALSE.json,4,138.14724633283913,0.0,los
prismlike_rc4_1,robot_grid/prismlike_robot_grid_N4.lcgs,robot_grid/can_r1_and_r2_swap_with_help_from_r3_FALSE.json,8,74.47496734373271,0.0,los
prismlike_rc4_1,robot_grid/prismlike_robot_grid_N4.lcgs,robot_grid/can_r1_and_r2_swap_with_help_from_r3_FALSE.json,16,45.682725481688976,0.0,los
prismlike_rc4_1,robot_grid/prismlike_robot_grid_N4.lcgs,robot_grid/can_r1_and_r2_swap_with_help_from_r3_FALSE.json,32,32.93680500425398,0.0,los
prismlike_rc4_2,robot_grid/prismlike_robot_grid_N4.lcgs,robot_grid/everyone_starts_home_TRUE.json,1,0.021409370005130768,0.0,los
prismlike_rc4_2,robot_grid/prismlike_robot_grid_N4.lcgs,robot_grid/everyone_starts_home_TRUE.json,2,0.02483135648071766,0.0,los
prismlike_rc4_2,robot_grid/prismlike_robot_grid_N4.lcgs,robot_grid/everyone_starts_home_TRUE.json,4,0.018903223797678947,0.0,los
prismlike_rc4_2,robot_grid/prismlike_robot_grid_N4.lcgs,robot_grid/everyone_starts_home_TRUE.json,8,0.02698107436299324,0.0,los
prismlike_rc4_2,robot_grid/prismlike_robot_grid_N4.lcgs,robot_grid/everyone_starts_home_TRUE.json,16,0.028408262878656387,0.0,los
prismlike_rc4_2,robot_grid/prismlike_robot_grid_N4.lcgs,robot_grid/everyone_starts_home_TRUE.json,32,0.037720076739788055,0.0,los
prismlike_rc4_3,robot_grid/prismlike_robot_grid_N4.lcgs,robot_grid/exist_path_to_targets_with_no_crashes_TRUE.json,1,0.8854320254176855,0.0,los
prismlike_rc4_3,robot_grid/prismlike_robot_grid_N4.lcgs,robot_grid/exist_path_to_targets_with_no_crashes_TRUE.json,2,8.2237527705729,0.0,los
prismlike_rc4_3,robot_grid/prismlike_robot_grid_N4.lcgs,robot_grid/exist_path_to_targets_with_no_crashes_TRUE.json,4,14.482272781431675,0.0,los
prismlike_rc4_3,robot_grid/prismlike_robot_grid_N4.lcgs,robot_grid/exist_path_to_targets_with_no_crashes_TRUE.json,8,7.407727096229792,0.0,los
prismlike_rc4_3,robot_grid/prismlike_robot_grid_N4.lcgs,robot_grid/exist_path_to_targets_with_no_crashes_TRUE.json,16,4.2550371047109365,0.0,los
prismlike_rc4_3,robot_grid/prismlike_robot_grid_N4.lcgs,robot_grid/exist_path_to_targets_with_no_crashes_TRUE.json,32,4.259985623881221,0.0,los
pa1_3proc,peterson/3/peterson_03.lcgs,peterson/p0_eventually_get_access_if_requested_TRUE.json,1,0.03669636882841587,0.0,los
pa1_3proc,peterson/3/peterson_03.lcgs,peterson/p0_eventually_get_access_if_requested_TRUE.json,2,0.05718939192593098,0.0,los
pa1_3proc,peterson/3/peterson_03.lcgs,peterson/p0_eventually_get_access_if_requested_TRUE.json,4,0.07577165216207504,0.0,los
pa1_3proc,peterson/3/peterson_03.lcgs,peterson/p0_eventually_get_access_if_requested_TRUE.json,8,0.09194792434573174,0.0,los
pa1_3proc,peterson/3/peterson_03.lcgs,peterson/p0_eventually_get_access_if_requested_TRUE.json,16,0.11325105652213097,0.0,los
pa1_3proc,peterson/3/peterson_03.lcgs,peterson/p0_eventually_get_access_if_requested_TRUE.json,32,0.17674986086785793,0.0,los
pa2_3proc,peterson/3/peterson_03.lcgs,peterson/p0_eventually_reach_CS_TRUE.json,1,0.03778443671762943,0.0,los
pa2_3proc,peterson/3/peterson_03.lcgs,peterson/p0_eventually_reach_CS_TRUE.json,2,0.04280014708638191,0.0,los
pa2_3proc,peterson/3/peterson_03.lcgs,peterson/p0_eventually_reach_CS_TRUE.json,4,0.043710025027394295,0.0,los
pa2_3proc,peterson/3/peterson_03.lcgs,peterson/p0_eventually_reach_CS_TRUE.json,8,0.047230251133441925,0.0,los
pa2_3proc,peterson/3/peterson_03.lcgs,peterson/p0_eventually_reach_CS_TRUE.json,16,0.04800284095108509,0.0,los
pa2_3proc,peterson/3/peterson_03.lcgs,peterson/p0_eventually_reach_CS_TRUE.json,32,0.05142951384186745,0.0,los
pa3_3proc,peterson/3/peterson_03.lcgs,peterson/3/ensure_mutual_exclusion_TRUE_03.json,1,0.03499164059758186,0.0,los
pa3_3proc,peterson/3/peterson_03.lcgs,peterson/3/ensure_mutual_exclusion_TRUE_03.json,2,0.0470252875238657,0.0,los
pa3_3proc,peterson/3/peterson_03.lcgs,peterson/3/ensure_mutual_exclusion_TRUE_03.json,4,0.060662440955638885,0.0,los
pa3_3proc,peterson/3/peterson_03.lcgs,peterson/3/ensure_mutual_exclusion_TRUE_03.json,8,0.06729597598314285,0.0,los
pa3_3proc,peterson/3/peterson_03.lcgs,peterson/3/ensure_mutual_exclusion_TRUE_03.json,16,0.09417014010250568,0.0,los
pa3_3proc,peterson/3/peterson_03.lcgs,peterson/3/ensure_mutual_exclusion_TRUE_03.json,32,0.1616436094045639,0.0,los
pa4_3proc,peterson/3/peterson_03.lcgs,peterson/3/multiple_in_CS_FALSE_03.json,1,0.03166906535625458,0.0,los
pa4_3proc,peterson/3/peterson_03.lcgs,peterson/3/multiple_in_CS_FALSE_03.json,2,0.039297351613640785,0.0,los
pa4_3proc,peterson/3/peterson_03.lcgs,peterson/3/multiple_in_CS_FALSE_03.json,4,0.04804214462637901,0.0,los
pa4_3proc,peterson/3/peterson_03.lcgs,peterson/3/multiple_in_CS_FALSE_03.json,8,0.05231449194252491,0.0,los
pa4_3proc,peterson/3/peterson_03.lcgs,peterson/3/multiple_in_CS_FALSE_03.json,16,0.06248260289430618,0.0,los
pa4_3proc,peterson/3/peterson_03.lcgs,peterson/3/multiple_in_CS_FALSE_03.json,32,0.10858013853430748,0.0,los
pa5_3proc,peterson/3/peterson_03.lcgs,peterson/3/never_reach_deadlock_TRUE_03.json,1,0.03604677878320217,0.0,los
pa5_3proc,peterson/3/peterson_03.lcgs,peterson/3/never_reach_deadlock_TRUE_03.json,2,0.038352951407432556,0.0,los
pa5_3proc,peterson/3/peterson_03.lcgs,peterson/3/never_reach_deadlock_TRUE_03.json,4,0.04242965392768383,0.0,los
pa5_3proc,peterson/3/peterson_03.lcgs,peterson/3/never_reach_deadlock_TRUE_03.json,8,0.04306850954890251,0.0,los
pa5_3proc,peterson/3/peterson_03.lcgs,peterson/3/never_reach_deadlock_TRUE_03.json,16,0.047377558425068855,0.0,los
pa5_3proc,peterson/3/peterson_03.lcgs,peterson/3/never_reach_deadlock_TRUE_03.json,32,0.05068409629166126,0.0,los
pa1_4proc,peterson/4/peterson_04.lcgs,peterson/p0_eventually_get_access_if_requested_TRUE.json,1,0.04819945618510246,0.0,los
pa1_4proc,peterson/4/peterson_04.lcgs,peterson/p0_eventually_get_access_if_requested_TRUE.json,2,0.06422314420342445,0.0,los
pa1_4proc,peterson/4/peterson_04.lcgs,peterson/p0_eventually_get_access_if_requested_TRUE.json,4,0.08156240731477737,0.0,los
pa1_4proc,peterson/4/peterson_04.lcgs,peterson/p0_eventually_get_access_if_requested_TRUE.json,8,0.10782646760344505,0.0,los
pa1_4proc,peterson/4/peterson_04.lcgs,peterson/p0_eventually_get_access_if_requested_TRUE.json,16,0.1543701533228159,0.0,los
pa1_4proc,peterson/4/peterson_04.lcgs,peterson/p0_eventually_get_access_if_requested_TRUE.json,32,0.2292462158948183,0.0,los
pa2_4proc,peterson/4/peterson_04.lcgs,peterson/p0_eventually_reach_CS_TRUE.json,1,0.0420658215880394,0.0,los
pa2_4proc,peterson/4/peterson_04.lcgs,peterson/p0_eventually_reach_CS_TRUE.json,2,0.05486452579498291,0.0,los
pa2_4proc,peterson/4/peterson_04.lcgs,peterson/p0_eventually_reach_CS_TRUE.json,4,0.05622693710029125,0.0,los
pa2_4proc,peterson/4/peterson_04.lcgs,peterson/p0_eventually_reach_CS_TRUE.json,8,0.05780274048447609,0.0,los
pa2_4proc,peterson/4/peterson_04.lcgs,peterson/p0_eventually_reach_CS_TRUE.json,16,0.06486584804952145,0.0,los
pa2_4proc,peterson/4/peterson_04.lcgs,peterson/p0_eventually_reach_CS_TRUE.json,32,0.07117239199578762,0.0,los
pa3_4proc,peterson/4/peterson_04.lcgs,peterson/4/ensure_mutual_exclusion_TRUE_04.json,1,0.044731561094522476,0.0,los
pa3_4proc,peterson/4/peterson_04.lcgs,peterson/4/ensure_mutual_exclusion_TRUE_04.json,2,0.057481007650494576,0.0,los
pa3_4proc,peterson/4/peterson_04.lcgs,peterson/4/ensure_mutual_exclusion_TRUE_04.json,4,0.0700532328337431,0.0,los
pa3_4proc,peterson/4/peterson_04.lcgs,peterson/4/ensure_mutual_exclusion_TRUE_04.json,8,0.08238027803599834,0.0,los
pa3_4proc,peterson/4/peterson_04.lcgs,peterson/4/ensure_mutual_exclusion_TRUE_04.json,16,0.10726988315582275,0.0,los
pa3_4proc,peterson/4/peterson_04.lcgs,peterson/4/ensure_mutual_exclusion_TRUE_04.json,32,0.1677099484950304,0.0,los
pa4_4proc,peterson/4/peterson_04.lcgs,peterson/4/multiple_in_CS_FALSE_04.json,1,0.04152429476380348,0.0,los
pa4_4proc,peterson/4/peterson_04.lcgs,peterson/4/multiple_in_CS_FALSE_04.json,2,0.05130343697965145,0.0,los
pa4_4proc,peterson/4/peterson_04.lcgs,peterson/4/multiple_in_CS_FALSE_04.json,4,0.05486583523452282,0.0,los
pa4_4proc,peterson/4/peterson_04.lcgs,peterson/4/multiple_in_CS_FALSE_04.json,8,0.0662476196885109,0.0,los
pa4_4proc,peterson/4/peterson_04.lcgs,peterson/4/multiple_in_CS_FALSE_04.json,16,0.08803464844822884,0.0,los
pa4_4proc,peterson/4/peterson_04.lcgs,peterson/4/multiple_in_CS_FALSE_04.json,32,0.11178549937903881,0.0,los
pa5_4proc,peterson/4/peterson_04.lcgs,peterson/4/never_reach_deadlock_TRUE_04.json,1,0.04125256463885307,0.0,los
pa5_4proc,peterson/4/peterson_04.lcgs,peterson/4/never_reach_deadlock_TRUE_04.json,2,0.04828225448727608,0.0,los
pa5_4proc,peterson/4/peterson_04.lcgs,peterson/4/never_reach_deadlock_TRUE_04.json,4,0.048575155436992645,0.0,los
pa5_4proc,peterson/4/peterson_04.lcgs,peterson/4/never_reach_deadlock_TRUE_04.json,8,0.04978460818529129,0.0,los
pa5_4proc,peterson/4/peterson_04.lcgs,peterson/4/never_reach_deadlock_TRUE_04.json,16,0.05563962645828724,0.0,los
pa5_4proc,peterson/4/peterson_04.lcgs,peterson/4/never_reach_deadlock_TRUE_04.json,32,0.0647857878357172,0.0,los
gg4_circular1,gossipping_girls/gossipping_girls_circular_4p.lcgs,gossipping_girls/p1234_ensure_that_p1234_gets_omniscient_before_10_steps_TRUE.json,1,0.037816548720002174,0.0,los
gg4_circular1,gossipping_girls/gossipping_girls_circular_4p.lcgs,gossipping_girls/p1234_ensure_that_p1234_gets_omniscient_before_10_steps_TRUE.json,2,0.062402961775660515,0.0,los
gg4_circular1,gossipping_girls/gossipping_girls_circular_4p.lcgs,gossipping_girls/p1234_ensure_that_p1234_gets_omniscient_before_10_steps_TRUE.json,4,0.08029982075095177,0.0,los
gg4_circular1,gossipping_girls/gossipping_girls_circular_4p.lcgs,gossipping_girls/p1234_ensure_that_p1234_gets_omniscient_before_10_steps_TRUE.json,8,0.0726924017071724,0.0,los
gg4_circular1,gossipping_girls/gossipping_girls_circular_4p.lcgs,gossipping_girls/p1234_ensure_that_p1234_gets_omniscient_before_10_steps_TRUE.json,16,0.05701617710292339,0.0,los
gg4_circular1,gossipping_girls/gossipping_girls_circular_4p.lcgs,gossipping_girls/p1234_ensure_that_p1234_gets_omniscient_before_10_steps_TRUE.json,32,0.06136263534426689,0.0,los
gg4_circular2,gossipping_girls/gossipping_girls_circular_4p.lcgs,gossipping_girls/p1234_ensure_that_only_p1_gets_omniscient_before_10_steps_TRUE.json,1,0.6855035182088614,0.0,los
gg4_circular2,gossipping_girls/gossipping_girls_circular_4p.lcgs,gossipping_girls/p1234_ensure_that_only_p1_gets_omniscient_before_10_steps_TRUE.json,2,0.3833442907780409,0.0,los
gg4_circular2,gossipping_girls/gossipping_girls_circular_4p.lcgs,gossipping_girls/p1234_ensure_that_only_p1_gets_omniscient_before_10_steps_TRUE.json,4,0.25418905168771744,0.0,los
gg4_circular2,gossipping_girls/gossipping_girls_circular_4p.lcgs,gossipping_girls/p1234_ensure_that_only_p1_gets_omniscient_before_10_steps_TRUE.json,8,0.18215678818523884,0.0,los
gg4_circular2,gossipping_girls/gossipping_girls_circular_4p.lcgs,gossipping_girls/p1234_ensure_that_only_p1_gets_omniscient_before_10_steps_TRUE.json,16,0.1324611958116293,0.0,los
gg4_circular2,gossipping_girls/gossipping_girls_circular_4p.lcgs,gossipping_girls/p1234_ensure_that_only_p1_gets_omniscient_before_10_steps_TRUE.json,32,0.12809083238244057,0.0,los
gg4_circular3,gossipping_girls/gossipping_girls_circular_4p.lcgs,gossipping_girls/p1234_ensure_p1_gets_omniscient_before_10_steps_TRUE.json,1,0.026530520990490913,0.0,los
gg4_circular3,gossipping_girls/gossipping_girls_circular_4p.lcgs,gossipping_girls/p1234_ensure_p1_gets_omniscient_before_10_steps_TRUE.json,2,0.034930866211652756,0.0,los
gg4_circular3,gossipping_girls/gossipping_girls_circular_4p.lcgs,gossipping_girls/p1234_ensure_p1_gets_omniscient_before_10_steps_TRUE.json,4,0.04512797109782696,0.0,los
gg4_circular3,gossipping_girls/gossipping_girls_circular_4p.lcgs,gossipping_girls/p1234_ensure_p1_gets_omniscient_before_10_steps_TRUE.json,8,0.0469179879873991,0.0,los
gg4_circular3,gossipping_girls/gossipping_girls_circular_4p.lcgs,gossipping_girls/p1234_ensure_p1_gets_omniscient_before_10_steps_TRUE.json,16,0.0396287627518177,0.0,los
gg4_circular3,gossipping_girls/gossipping_girls_circular_4p.lcgs,gossipping_girls/p1234_ensure_p1_gets_omniscient_before_10_steps_TRUE.json,32,0.047530826181173325,0.0,los
gg4_circular4,gossipping_girls/gossipping_girls_circular_4p.lcgs,gossipping_girls/p1234_omniscient_but_first_after_10_steps_TRUE.json,1,0.04969608411192894,0.0,los
gg4_circular4,gossipping_girls/gossipping_girls_circular_4p.lcgs,gossipping_girls/p1234_omniscient_but_first_after_10_steps_TRUE.json,2,0.06095306575298309,0.0,los
gg4_circular4,gossipping_girls/gossipping_girls_circular_4p.lcgs,gossipping_girls/p1234_omniscient_but_first_after_10_steps_TRUE.json,4,0.06247261166572571,0.0,los
gg4_circular4,gossipping_girls/gossipping_girls_circular_4p.lcgs,gossipping_girls/p1234_omniscient_but_first_after_10_steps_TRUE.json,8,0.08714080415666103,0.0,los
gg4_circular4,gossipping_girls/gossipping_girls_circular_4p.lcgs,gossipping_girls/p1234_omniscient_but_first_after_10_steps_TRUE.json,16,0.08822743967175484,0.0,los
gg4_circular4,gossipping_girls/gossipping_girls_circular_4p.lcgs,gossipping_girls/p1234_omniscient_but_first_after_10_steps_TRUE.json,32,0.062275514006614685,0.0,los
gg4_circular5,gossipping_girls/gossipping_girls_circular_4p.lcgs,gossipping_girls/eventually_10_steps_are_passed_TRUE.json,1,0.5137401856482029,0.0,los
gg4_circular5,gossipping_girls/gossipping_girls_circular_4p.lcgs,gossipping_girls/eventually_10_steps_are_passed_TRUE.json,2,0.32948074489831924,0.0,los
gg4_circular5,gossipping_girls/gossipping_girls_circular_4p.lcgs,gossipping_girls/eventually_10_steps_are_passed_TRUE.json,4,0.19082701951265335,0.0,los
gg4_circular5,gossipping_girls/gossipping_girls_circular_4p.lcgs,gossipping_girls/eventually_10_steps_are_passed_TRUE.json,8,0.14974797144532204,0.0,los
gg4_circular5,gossipping_girls/gossipping_girls_circular_4p.lcgs,gossipping_girls/eventually_10_steps_are_passed_TRUE.json,16,0.10818538255989552,0.0,los
gg4_circular5,gossipping_girls/gossipping_girls_circular_4p.lcgs,gossipping_girls/eventually_10_steps_are_passed_TRUE.json,32,0.09739835932850838,0.0,los
gg4_circular6,gossipping_girls/gossipping_girls_circular_4p.lcgs,gossipping_girls/p1_gurantee_omniscient_before_10_steps_FALSE.json,1,0.4063206873834133,0.0,los
gg4_circular6,gossipping_girls/gossipping_girls_circular_4p.lcgs,gossipping_girls/p1_gurantee_omniscient_before_10_steps_FALSE.json,2,0.16666153445839882,0.0,los
gg4_circular6,gossipping_girls/gossipping_girls_circular_4p.lcgs,gossipping_girls/p1_gurantee_omniscient_before_10_steps_FALSE.json,4,0.10596210323274136,0.0,los
gg4_circular6,gossipping_girls/gossipping_girls_circular_4p.lcgs,gossipping_girls/p1_gurantee_omniscient_before_10_steps_FALSE.json,8,0.09899630770087242,0.0,los
gg4_circular6,gossipping_girls/gossipping_girls_circular_4p.lcgs,gossipping_girls/p1_gurantee_omniscient_before_10_steps_FALSE.json,16,0.07190655544400215,0.0,los
gg4_circular6,gossipping_girls/gossipping_girls_circular_4p.lcgs,gossipping_girls/p1_gurantee_omniscient_before_10_steps_FALSE.json,32,0.07193859852850437,0.0,los
gg4_circular7,gossipping_girls/gossipping_girls_circular_4p.lcgs,gossipping_girls/p234_eventually_omniscient_without_p1_TRUE.json,1,0.7037937846034765,0.0,los
gg4_circular7,gossipping_girls/gossipping_girls_circular_4p.lcgs,gossipping_girls/p234_eventually_omniscient_without_p1_TRUE.json,2,0.07229583710432053,0.0,los
gg4_circular7,gossipping_girls/gossipping_girls_circular_4p.lcgs,gossipping_girls/p234_eventually_omniscient_without_p1_TRUE.json,4,0.15586853213608265,0.0,los
gg4_circular7,gossipping_girls/gossipping_girls_circular_4p.lcgs,gossipping_girls/p234_eventually_omniscient_without_p1_TRUE.json,8,0.09988211654126644,0.0,los
gg4_circular7,gossipping_girls/gossipping_girls_circular_4p.lcgs,gossipping_girls/p234_eventually_omniscient_without_p1_TRUE.json,16,0.08174607902765274,0.0,los
gg4_circular7,gossipping_girls/gossipping_girls_circular_4p.lcgs,gossipping_girls/p234_eventually_omniscient_without_p1_TRUE.json,32,0.07577314414083958,0.0,los
gg4_total1,gossipping_girls/gossipping_girls_total_network_4p.lcgs,gossipping_girls/p1234_ensure_that_p1234_gets_omniscient_before_10_steps_TRUE.json,1,0.07931169681251049,0.0,los
gg4_total1,gossipping_girls/gossipping_girls_total_network_4p.lcgs,gossipping_girls/p1234_ensure_that_p1234_gets_omniscient_before_10_steps_TRUE.json,2,0.2245090864598751,0.0,los
gg4_total1,gossipping_girls/gossipping_girls_total_network_4p.lcgs,gossipping_girls/p1234_ensure_that_p1234_gets_omniscient_before_10_steps_TRUE.json,4,0.09103475138545036,0.0,los
gg4_total1,gossipping_girls/gossipping_girls_total_network_4p.lcgs,gossipping_girls/p1234_ensure_that_p1234_gets_omniscient_before_10_steps_TRUE.json,8,1.7474965117871761,0.0,los
gg4_total1,gossipping_girls/gossipping_girls_total_network_4p.lcgs,gossipping_girls/p1234_ensure_that_p1234_gets_omniscient_before_10_steps_TRUE.json,16,1.102464035153389,0.0,los
gg4_total1,gossipping_girls/gossipping_girls_total_network_4p.lcgs,gossipping_girls/p1234_ensure_that_p1234_gets_omniscient_before_10_steps_TRUE.json,32,0.4831964187324047,0.0,los
gg4_total2,gossipping_girls/gossipping_girls_total_network_4p.lcgs,gossipping_girls/p1234_ensure_that_only_p1_gets_omniscient_before_10_steps_TRUE.json,1,0.5712770465761423,0.0,los
gg4_total2,gossipping_girls/gossipping_girls_total_network_4p.lcgs,gossipping_girls/p1234_ensure_that_only_p1_gets_omniscient_before_10_steps_TRUE.json,2,0.38641481660306454,0.0,los
gg4_total2,gossipping_girls/gossipping_girls_total_network_4p.lcgs,gossipping_girls/p1234_ensure_that_only_p1_gets_omniscient_before_10_steps_TRUE.json,4,0.5686736460775137,0.0,los
gg4_total2,gossipping_girls/gossipping_girls_total_network_4p.lcgs,gossipping_girls/p1234_ensure_that_only_p1_gets_omniscient_before_10_steps_TRUE.json,8,0.8951835799962282,0.0,los
gg4_total2,gossipping_girls/gossipping_girls_total_network_4p.lcgs,gossipping_girls/p1234_ensure_that_only_p1_gets_omniscient_before_10_steps_TRUE.json,16,0.7812993880361319,0.0,los
gg4_total2,gossipping_girls/gossipping_girls_total_network_4p.lcgs,gossipping_girls/p1234_ensure_that_only_p1_gets_omniscient_before_10_steps_TRUE.json,32,0.5704249776899815,0.0,los
gg4_total3,gossipping_girls/gossipping_girls_total_network_4p.lcgs,gossipping_girls/p1234_ensure_p1_gets_omniscient_before_10_steps_TRUE.json,1,0.08854624815285206,0.0,los
gg4_total3,gossipping_girls/gossipping_girls_total_network_4p.lcgs,gossipping_girls/p1234_ensure_p1_gets_omniscient_before_10_steps_TRUE.json,2,0.15034391731023788,0.0,los
gg4_total3,gossipping_girls/gossipping_girls_total_network_4p.lcgs,gossipping_girls/p1234_ensure_p1_gets_omniscient_before_10_steps_TRUE.json,4,0.22874430567026138,0.0,los
gg4_total3,gossipping_girls/gossipping_girls_total_network_4p.lcgs,gossipping_girls/p1234_ensure_p1_gets_omniscient_before_10_steps_TRUE.json,8,0.31906930916011333,0.0,los
gg4_total3,gossipping_girls/gossipping_girls_total_network_4p.lcgs,gossipping_girls/p1234_ensure_p1_gets_omniscient_before_10_steps_TRUE.json,16,0.22650453634560108,0.0,los
gg4_total3,gossipping_girls/gossipping_girls_total_network_4p.lcgs,gossipping_girls/p1234_ensure_p1_gets_omniscient_before_10_steps_TRUE.json,32,0.10893006809055805,0.0,los
gg4_total4,gossipping_girls/gossipping_girls_total_network_4p.lcgs,gossipping_girls/p1234_omniscient_but_first_after_10_steps_TRUE.json,1,0.32388955540955067,0.0,los
gg4_total4,gossipping_girls/gossipping_girls_total_network_4p.lcgs,gossipping_girls/p1234_omniscient_but_first_after_10_steps_TRUE.json,2,0.2785529922693968,0.0,los
gg4_total4,gossipping_girls/gossipping_girls_total_network_4p.lcgs,gossipping_girls/p1234_omniscient_but_first_after_10_steps_TRUE.json,4,1.3668237794190645,0.0,los
gg4_total4,gossipping_girls/gossipping_girls_total_network_4p.lcgs,gossipping_girls/p1234_omniscient_but_first_after_10_steps_TRUE.json,8,2.902235684916377,0.0,los
gg4_total4,gossipping_girls/gossipping_girls_total_network_4p.lcgs,gossipping_girls/p1234_omniscient_but_first_after_10_steps_TRUE.json,16,0.9030506275594234,0.0,los
gg4_total4,gossipping_girls/gossipping_girls_total_network_4p.lcgs,gossipping_girls/p1234_omniscient_but_first_after_10_steps_TRUE.json,32,0.8818099927157164,0.0,los
gg4_total5,gossipping_girls/gossipping_girls_total_network_4p.lcgs,gossipping_girls/eventually_10_steps_are_passed_TRUE.json,1,35.587270552292466,0.0,los
gg4_total5,gossipping_girls/gossipping_girls_total_network_4p.lcgs,gossipping_girls/eventually_10_steps_are_passed_TRUE.json,2,20.351188983768225,0.0,los
gg4_total5,gossipping_girls/gossipping_girls_total_network_4p.lcgs,gossipping_girls/eventually_10_steps_are_passed_TRUE.json,4,10.214187856763601,0.0,los
gg4_total5,gossipping_girls/gossipping_girls_total_network_4p.lcgs,gossipping_girls/eventually_10_steps_are_passed_TRUE.json,8,5.311690473929048,0.0,los
gg4_total5,gossipping_girls/gossipping_girls_total_network_4p.lcgs,gossipping_girls/eventually_10_steps_are_passed_TRUE.json,16,3.135437684133649,0.0,los
gg4_total5,gossipping_girls/gossipping_girls_total_network_4p.lcgs,gossipping_girls/eventually_10_steps_are_passed_TRUE.json,32,1.9828524980694056,0.0,los
gg4_total6,gossipping_girls/gossipping_girls_total_network_4p.lcgs,gossipping_girls/p1_gurantee_omniscient_before_10_steps_FALSE.json,1,10.262983808293939,0.0,los
gg4_total6,gossipping_girls/gossipping_girls_total_network_4p.lcgs,gossipping_girls/p1_gurantee_omniscient_before_10_steps_FALSE.json,2,4.482075825333595,0.0,los
gg4_total6,gossipping_girls/gossipping_girls_total_network_4p.lcgs,gossipping_girls/p1_gurantee_omniscient_before_10_steps_FALSE.json,4,4.4475293308496475,0.0,los
gg4_total6,gossipping_girls/gossipping_girls_total_network_4p.lcgs,gossipping_girls/p1_gurantee_omniscient_before_10_steps_FALSE.json,8,1.369318651035428,0.0,los
gg4_total6,gossipping_girls/gossipping_girls_total_network_4p.lcgs,gossipping_girls/p1_gurantee_omniscient_before_10_steps_FALSE.json,16,0.8850293587893248,0.0,los
gg4_total6,gossipping_girls/gossipping_girls_total_network_4p.lcgs,gossipping_girls/p1_gurantee_omniscient_before_10_steps_FALSE.json,32,0.6335582472383976,0.0,los
gg4_total7,gossipping_girls/gossipping_girls_total_network_4p.lcgs,gossipping_girls/p234_eventually_omniscient_without_p1_TRUE.json,1,47.52872611954808,0.0,los
gg4_total7,gossipping_girls/gossipping_girls_total_network_4p.lcgs,gossipping_girls/p234_eventually_omniscient_without_p1_TRUE.json,2,24.453319279477,0.0,los
gg4_total7,gossipping_girls/gossipping_girls_total_network_4p.lcgs,gossipping_girls/p234_eventually_omniscient_without_p1_TRUE.json,4,12.867944115772843,0.0,los
gg4_total7,gossipping_girls/gossipping_girls_total_network_4p.lcgs,gossipping_girls/p234_eventually_omniscient_without_p1_TRUE.json,8,6.526066830381751,0.0,los
gg4_total7,gossipping_girls/gossipping_girls_total_network_4p.lcgs,gossipping_girls/p234_eventually_omniscient_without_p1_TRUE.json,16,3.84648409858346,0.0,los
gg4_total7,gossipping_girls/gossipping_girls_total_network_4p.lcgs,gossipping_girls/p234_eventually_omniscient_without_p1_TRUE.json,32,2.6008274611085653,0.0,los
rps1,rock_paper_scissors/rock_paper_scissors.lcgs,rock_paper_scissors/p1_never_lose_FALSE.json,1,0.0188943762332201,0.0,los
rps1,rock_paper_scissors/rock_paper_scissors.lcgs,rock_paper_scissors/p1_never_lose_FALSE.json,2,0.022745346650481224,0.0,los
rps1,rock_paper_scissors/rock_paper_scissors.lcgs,rock_paper_scissors/p1_never_lose_FALSE.json,4,0.02594970166683197,0.0,los
rps1,rock_paper_scissors/rock_paper_scissors.lcgs,rock_paper_scissors/p1_never_lose_FALSE.json,8,0.027196208015084267,0.0,los
rps1,rock_paper_scissors/rock_paper_scissors.lcgs,rock_paper_scissors/p1_never_lose_FALSE.json,16,0.028158996254205704,0.0,los
rps1,rock_paper_scissors/rock_paper_scissors.lcgs,rock_paper_scissors/p1_never_lose_FALSE.json,32,0.02769632823765278,0.0,los
rps2,rock_paper_scissors/rock_paper_scissors.lcgs,rock_paper_scissors/p1_can_win_eventually_FALSE.json,1,0.01965474523603916,0.0,los
rps2,rock_paper_scissors/rock_paper_scissors.lcgs,rock_paper_scissors/p1_can_win_eventually_FALSE.json,2,0.02309156395494938,0.0,los
rps2,rock_paper_scissors/rock_paper_scissors.lcgs,rock_paper_scissors/p1_can_win_eventually_FALSE.json,4,0.02300565503537655,0.0,los
rps2,rock_paper_scissors/rock_paper_scissors.lcgs,rock_paper_scissors/p1_can_win_eventually_FALSE.json,8,0.03414334915578365,0.0,los
rps2,rock_paper_scissors/rock_paper_scissors.lcgs,rock_paper_scissors/p1_can_win_eventually_FALSE.json,16,0.04441568814218044,0.0,los
rps2,rock_paper_scissors/rock_paper_scissors.lcgs,rock_paper_scissors/p1_can_win_eventually_FALSE.json,32,0.06391030736267567,0.0,los
mp1,matching_pennies/matching_pennies_game.lcgs,matching_pennies/can_odd_win_round_eventually_FALSE.json,1,0.03377007320523262,0.0,los
mp1,matching_pennies/matching_pennies_game.lcgs,matching_pennies/can_odd_win_round_eventually_FALSE.json,2,0.047732485458254814,0.0,los
mp1,matching_pennies/matching_pennies_game.lcgs,matching_pennies/can_odd_win_round_eventually_FALSE.json,4,0.055813200771808624,0.0,los
mp1,matching_pennies/matching_pennies_game.lcgs,matching_pennies/can_odd_win_round_eventually_FALSE.json,8,0.06614952720701694,0.0,los
mp1,matching_pennies/matching_pennies_game.lcgs,matching_pennies/can_odd_win_round_eventually_FALSE.json,16,0.08699533343315125,0.0,los
mp1,matching_pennies/matching_pennies_game.lcgs,matching_pennies/can_odd_win_round_eventually_FALSE.json,32,0.09250911697745323,0.0,los
mp2,matching_pennies/matching_pennies_game.lcgs,matching_pennies/can_they_guarantee_that_odd_always_has_larger_sum_TRUE.json,1,0.04025472700595856,0.0,los
mp2,matching_pennies/matching_pennies_game.lcgs,matching_pennies/can_they_guarantee_that_odd_always_has_larger_sum_TRUE.json,2,0.07167959585785866,0.0,los
mp2,matching_pennies/matching_pennies_game.lcgs,matching_pennies/can_they_guarantee_that_odd_always_has_larger_sum_TRUE.json,4,0.08032968826591969,0.0,los
mp2,matching_pennies/matching_pennies_game.lcgs,matching_pennies/can_they_guarantee_that_odd_always_has_larger_sum_TRUE.json,8,0.09261536784470081,0.0,los
mp2,matching_pennies/matching_pennies_game.lcgs,matching_pennies/can_they_guarantee_that_odd_always_has_larger_sum_TRUE.json,16,0.10296588018536568,0.0,los
mp2,matching_pennies/matching_pennies_game.lcgs,matching_pennies/can_they_guarantee_that_odd_always_has_larger_sum_TRUE.json,32,0.17214191891252995,0.0,los
mp3,matching_pennies/matching_pennies_game.lcgs,matching_pennies/can_they_win_simultaneously_FALSE.json,1,0.040343914180994034,0.0,los
mp3,matching_pennies/matching_pennies_game.lcgs,matching_pennies/can_they_win_simultaneously_FALSE.json,2,0.019577166065573692,0.0,los
mp3,matching_pennies/matching_pennies_game.lcgs,matching_pennies/can_they_win_simultaneously_FALSE.json,4,0.020220937207341194,0.0,los
mp3,matching_pennies/matching_pennies_game.lcgs,matching_pennies/can_they_win_simultaneously_FALSE.json,8,0.020791396498680115,0.0,los
mp3,matching_pennies/matching_pennies_game.lcgs,matching_pennies/can_they_win_simultaneously_FALSE.json,16,0.023341134190559387,0.0,los
mp3,matching_pennies/matching_pennies_game.lcgs,matching_pennies/can_they_win_simultaneously_FALSE.json,32,0.027150653302669525,0.0,los
gg5_circular1,gossipping_girls/gossipping_girls_circular_5p.lcgs,gossipping_girls/p12345_ensure_that_p12345_gets_omniscient_before_10_steps_TRUE.json,1,0.03188101202249527,0.0,los
gg5_circular1,gossipping_girls/gossipping_girls_circular_5p.lcgs,gossipping_girls/p12345_ensure_that_p12345_gets_omniscient_before_10_steps_TRUE.json,2,0.029587361961603165,0.0,los
gg5_circular1,gossipping_girls/gossipping_girls_circular_5p.lcgs,gossipping_girls/p12345_ensure_that_p12345_gets_omniscient_before_10_steps_TRUE.json,4,0.03141115978360176,0.0,los
gg5_circular1,gossipping_girls/gossipping_girls_circular_5p.lcgs,gossipping_girls/p12345_ensure_that_p12345_gets_omniscient_before_10_steps_TRUE.json,8,0.029956292361021042,0.0,los
gg5_circular1,gossipping_girls/gossipping_girls_circular_5p.lcgs,gossipping_girls/p12345_ensure_that_p12345_gets_omniscient_before_10_steps_TRUE.json,16,0.0304331686347723,0.0,los
gg5_circular1,gossipping_girls/gossipping_girls_circular_5p.lcgs,gossipping_girls/p12345_ensure_that_p12345_gets_omniscient_before_10_steps_TRUE.json,32,0.02920648455619812,0.0,los
gg5_circular2,gossipping_girls/gossipping_girls_circular_5p.lcgs,gossipping_girls/p12345_ensure_that_only_p1_gets_omniscient_before_10_steps_TRUE.json,1,0.03079877980053425,0.0,los
gg5_circular2,gossipping_girls/gossipping_girls_circular_5p.lcgs,gossipping_girls/p12345_ensure_that_only_p1_gets_omniscient_before_10_steps_TRUE.json,2,0.029309289529919624,0.0,los
gg5_circular2,gossipping_girls/gossipping_girls_circular_5p.lcgs,gossipping_girls/p12345_ensure_that_only_p1_gets_omniscient_before_10_steps_TRUE.json,4,0.03058701567351818,0.0,los
gg5_circular2,gossipping_girls/gossipping_girls_circular_5p.lcgs,gossipping_girls/p12345_ensure_that_only_p1_gets_omniscient_before_10_steps_TRUE.json,8,0.029072515666484833,0.0,los
gg5_circular2,gossipping_girls/gossipping_girls_circular_5p.lcgs,gossipping_girls/p12345_ensure_that_only_p1_gets_omniscient_before_10_steps_TRUE.json,16,0.03052011877298355,0.0,los
gg5_circular2,gossipping_girls/gossipping_girls_circular_5p.lcgs,gossipping_girls/p12345_ensure_that_only_p1_gets_omniscient_before_10_steps_TRUE.json,32,0.03138541243970394,0.0,los
gg5_circular3,gossipping_girls/gossipping_girls_circular_5p.lcgs,gossipping_girls/p12345_ensure_p1_gets_omniscient_before_10_steps_TRUE.json,1,0.02763076312839985,0.0,los
gg5_circular3,gossipping_girls/gossipping_girls_circular_5p.lcgs,gossipping_girls/p12345_ensure_p1_gets_omniscient_before_10_steps_TRUE.json,2,0.03025602549314499,0.0,los
gg5_circular3,gossipping_girls/gossipping_girls_circular_5p.lcgs,gossipping_girls/p12345_ensure_p1_gets_omniscient_before_10_steps_TRUE.json,4,0.031066253781318665,0.0,los
gg5_circular3,gossipping_girls/gossipping_girls_circular_5p.lcgs,gossipping_girls/p12345_ensure_p1_gets_omniscient_before_10_steps_TRUE.json,8,0.03167421370744705,0.0,los
gg5_circular3,gossipping_girls/gossipping_girls_circular_5p.lcgs,gossipping_girls/p12345_ensure_p1_gets_omniscient_before_10_steps_TRUE.json,16,0.030037635937333107,0.0,los
gg5_circular3,gossipping_girls/gossipping_girls_circular_5p.lcgs,gossipping_girls/p12345_ensure_p1_gets_omniscient_before_10_steps_TRUE.json,32,0.02951972559094429,0.0,los
gg5_circular4,gossipping_girls/gossipping_girls_circular_5p.lcgs,gossipping_girls/p12345_omniscient_but_first_after_10_steps_TRUE.json,1,0.02952025644481182,0.0,los
gg5_circular4,gossipping_girls/gossipping_girls_circular_5p.lcgs,gossipping_girls/p12345_omniscient_but_first_after_10_steps_TRUE.json,2,0.030402548611164093,0.0,los
gg5_circular4,gossipping_girls/gossipping_girls_circular_5p.lcgs,gossipping_girls/p12345_omniscient_but_first_after_10_steps_TRUE.json,4,0.03145187720656395,0.0,los
gg5_circular4,gossipping_girls/gossipping_girls_circular_5p.lcgs,gossipping_girls/p12345_omniscient_but_first_after_10_steps_TRUE.json,8,0.029895728453993797,0.0,los
gg5_circular4,gossipping_girls/gossipping_girls_circular_5p.lcgs,gossipping_girls/p12345_omniscient_but_first_after_10_steps_TRUE.json,16,0.031025558710098267,0.0,los
gg5_circular4,gossipping_girls/gossipping_girls_circular_5p.lcgs,gossipping_girls/p12345_omniscient_but_first_after_10_steps_TRUE.json,32,0.029781345278024673,0.0,los
gg5_circular5,gossipping_girls/gossipping_girls_circular_5p.lcgs,gossipping_girls/eventually_10_steps_are_passed_TRUE.json,1,8.656036680564284,0.0,los
gg5_circular5,gossipping_girls/gossipping_girls_circular_5p.lcgs,gossipping_girls/eventually_10_steps_are_passed_TRUE.json,2,5.127166299149394,0.0,los
gg5_circular5,gossipping_girls/gossipping_girls_circular_5p.lcgs,gossipping_girls/eventually_10_steps_are_passed_TRUE.json,4,2.6222787350416183,0.0,los
gg5_circular5,gossipping_girls/gossipping_girls_circular_5p.lcgs,gossipping_girls/eventually_10_steps_are_passed_TRUE.json,8,1.4307527467608452,0.0,los
gg5_circular5,gossipping_girls/gossipping_girls_circular_5p.lcgs,gossipping_girls/eventually_10_steps_are_passed_TRUE.json,16,0.7936791311949492,0.0,los
gg5_circular5,gossipping_girls/gossipping_girls_circular_5p.lcgs,gossipping_girls/eventually_10_steps_are_passed_TRUE.json,32,0.5026184804737568,0.0,los
gg5_circular6,gossipping_girls/gossipping_girls_circular_5p.lcgs,gossipping_girls/p1_gurantee_omniscient_before_10_steps_FALSE.json,1,3.888786057010293,0.0,los
gg5_circular6,gossipping_girls/gossipping_girls_circular_5p.lcgs,gossipping_girls/p1_gurantee_omniscient_before_10_steps_FALSE.json,2,0.5419858116656542,0.0,los
gg5_circular6,gossipping_girls/gossipping_girls_circular_5p.lcgs,gossipping_girls/p1_gurantee_omniscient_before_10_steps_FALSE.json,4,0.6265829522162676,0.0,los
gg5_circular6,gossipping_girls/gossipping_girls_circular_5p.lcgs,gossipping_girls/p1_gurantee_omniscient_before_10_steps_FALSE.json,8,0.3573703393340111,0.0,los
gg5_circular6,gossipping_girls/gossipping_girls_circular_5p.lcgs,gossipping_girls/p1_gurantee_omniscient_before_10_steps_FALSE.json,16,0.2717741336673498,0.0,los
gg5_circular6,gossipping_girls/gossipping_girls_circular_5p.lcgs,gossipping_girls/p1_gurantee_omniscient_before_10_steps_FALSE.json,32,0.19278966449201107,0.0,los
gg5_circular7,gossipping_girls/gossipping_girls_circular_5p.lcgs,gossipping_girls/p2345_eventually_omniscient_without_p1_TRUE.json,1,0.029553458094596863,0.0,los
gg5_circular7,gossipping_girls/gossipping_girls_circular_5p.lcgs,gossipping_girls/p2345_eventually_omniscient_without_p1_TRUE.json,2,0.02264721319079399,0.0,los
gg5_circular7,gossipping_girls/gossipping_girls_circular_5p.lcgs,gossipping_girls/p2345_eventually_omniscient_without_p1_TRUE.json,4,0.029253674671053886,0.0,los
gg5_circular7,gossipping_girls/gossipping_girls_circular_5p.lcgs,gossipping_girls/p2345_eventually_omniscient_without_p1_TRUE.json,8,0.02880510687828064,0.0,los
gg5_circular7,gossipping_girls/gossipping_girls_circular_5p.lcgs,gossipping_girls/p2345_eventually_omniscient_without_p1_TRUE.json,16,0.02272076904773712,0.0,los
gg5_circular7,gossipping_girls/gossipping_girls_circular_5p.lcgs,gossipping_girls/p2345_eventually_omniscient_without_p1_TRUE.json,32,0.023125747218728065,0.0,los
gg5_total1,gossipping_girls/gossipping_girls_total_network_5p.lcgs,gossipping_girls/p12345_ensure_that_p12345_gets_omniscient_before_10_steps_TRUE.json,1,0.04533919505774975,0.0,los
gg5_total1,gossipping_girls/gossipping_girls_total_network_5p.lcgs,gossipping_girls/p12345_ensure_that_p12345_gets_omniscient_before_10_steps_TRUE.json,2,0.046120863407850266,0.0,los
gg5_total1,gossipping_girls/gossipping_girls_total_network_5p.lcgs,gossipping_girls/p12345_ensure_that_p12345_gets_omniscient_before_10_steps_TRUE.json,4,0.0450909323990345,0.0,los
gg5_total1,gossipping_girls/gossipping_girls_total_network_5p.lcgs,gossipping_girls/p12345_ensure_that_p12345_gets_omniscient_before_10_steps_TRUE.json,8,0.044924890622496605,0.0,los
gg5_total1,gossipping_girls/gossipping_girls_total_network_5p.lcgs,gossipping_girls/p12345_ensure_that_p12345_gets_omniscient_before_10_steps_TRUE.json,16,0.04482881352305412,0.0,los
gg5_total1,gossipping_girls/gossipping_girls_total_network_5p.lcgs,gossipping_girls/p12345_ensure_that_p12345_gets_omniscient_before_10_steps_TRUE.json,32,0.042663391679525375,0.0,los
gg5_total2,gossipping_girls/gossipping_girls_total_network_5p.lcgs,gossipping_girls/p12345_ensure_that_only_p1_gets_omniscient_before_10_steps_TRUE.json,1,0.04723296873271465,0.0,los
gg5_total2,gossipping_girls/gossipping_girls_total_network_5p.lcgs,gossipping_girls/p12345_ensure_that_only_p1_gets_omniscient_before_10_steps_TRUE.json,2,0.04700074531137943,0.0,los
gg5_total2,gossipping_girls/gossipping_girls_total_network_5p.lcgs,gossipping_girls/p12345_ensure_that_only_p1_gets_omniscient_before_10_steps_TRUE.json,4,0.045367881655693054,0.0,los
gg5_total2,gossipping_girls/gossipping_girls_total_network_5p.lcgs,gossipping_girls/p12345_ensure_that_only_p1_gets_omniscient_before_10_steps_TRUE.json,8,0.04658282920718193,0.0,los
gg5_total2,gossipping_girls/gossipping_girls_total_network_5p.lcgs,gossipping_girls/p12345_ensure_that_only_p1_gets_omniscient_before_10_steps_TRUE.json,16,0.04548235610127449,0.0,los
gg5_total2,gossipping_girls/gossipping_girls_total_network_5p.lcgs,gossipping_girls/p12345_ensure_that_only_p1_gets_omniscient_before_10_steps_TRUE.json,32,0.04289156012237072,0.0,los
gg5_total3,gossipping_girls/gossipping_girls_total_network_5p.lcgs,gossipping_girls/p12345_ensure_p1_gets_omniscient_before_10_steps_TRUE.json,1,0.045583326369524,0.0,los
gg5_total3,gossipping_girls/gossipping_girls_total_network_5p.lcgs,gossipping_girls/p12345_ensure_p1_gets_omniscient_before_10_steps_TRUE.json,2,0.044690802693367004,0.0,los
gg5_total3,gossipping_girls/gossipping_girls_total_network_5p.lcgs,gossipping_girls/p12345_ensure_p1_gets_omniscient_before_10_steps_TRUE.json,4,0.047126440331339836,0.0,los
gg5_total3,gossipping_girls/gossipping_girls_total_network_5p.lcgs,gossipping_girls/p12345_ensure_p1_gets_omniscient_before_10_steps_TRUE.json,8,0.04728511907160282,0.0,los
gg5_total3,gossipping_girls/gossipping_girls_total_network_5p.lcgs,gossipping_girls/p12345_ensure_p1_gets_omniscient_before_10_steps_TRUE.json,16,0.047198131680488586,0.0,los
gg5_total3,gossipping_girls/gossipping_girls_total_network_5p.lcgs,gossipping_girls/p12345_ensure_p1_gets_omniscient_before_10_steps_TRUE.json,32,0.04516997188329697,0.0,los
gg5_total4,gossipping_girls/gossipping_girls_total_network_5p.lcgs,gossipping_girls/p12345_omniscient_but_first_after_10_steps_TRUE.json,1,0.04619663581252098,0.0,los
gg5_total4,gossipping_girls/gossipping_girls_total_network_5p.lcgs,gossipping_girls/p12345_omniscient_but_first_after_10_steps_TRUE.json,2,0.045075394213199615,0.0,los
gg5_total4,gossipping_girls/gossipping_girls_total_network_5p.lcgs,gossipping_girls/p12345_omniscient_but_first_after_10_steps_TRUE.json,4,0.042700981721282005,0.0,los
gg5_total4,gossipping_girls/gossipping_girls_total_network_5p.lcgs,gossipping_girls/p12345_omniscient_but_first_after_10_steps_TRUE.json,8,0.045903587713837624,0.0,los
gg5_total4,gossipping_girls/gossipping_girls_total_network_5p.lcgs,gossipping_girls/p12345_omniscient_but_first_after_10_steps_TRUE.json,16,0.04659862071275711,0.0,los
gg5_total4,gossipping_girls/gossipping_girls_total_network_5p.lcgs,gossipping_girls/p12345_omniscient_but_first_after_10_steps_TRUE.json,32,0.0448690764605999,0.0,los
gg5_total5,gossipping_girls/gossipping_girls_total_network_5p.lcgs,gossipping_girls/eventually_10_steps_are_passed_TRUE.json,2,5317.926609501243,0.0,los
gg5_total5,gossipping_girls/gossipping_girls_total_network_5p.lcgs,gossipping_girls/eventually_10_steps_are_passed_TRUE.json,4,2734.2559409849346,0.0,los
gg5_total5,gossipping_girls/gossipping_girls_total_network_5p.lcgs,gossipping_girls/eventually_10_steps_are_passed_TRUE.json,8,1364.7354857325554,0.0,los
gg5_total5,gossipping_girls/gossipping_girls_total_network_5p.lcgs,gossipping_girls/eventually_10_steps_are_passed_TRUE.json,16,684.2254182435572,0.0,los
gg5_total5,gossipping_girls/gossipping_girls_total_network_5p.lcgs,gossipping_girls/eventually_10_steps_are_passed_TRUE.json,32,338.83777090907097,0.0,los
gg5_total6,gossipping_girls/gossipping_girls_total_network_5p.lcgs,gossipping_girls/p1_gurantee_omniscient_before_10_steps_FALSE.json,1,2594.9176503680646,0.0,los
gg5_total6,gossipping_girls/gossipping_girls_total_network_5p.lcgs,gossipping_girls/p1_gurantee_omniscient_before_10_steps_FALSE.json,2,610.7539011966437,0.0,los
gg5_total6,gossipping_girls/gossipping_girls_total_network_5p.lcgs,gossipping_girls/p1_gurantee_omniscient_before_10_steps_FALSE.json,4,226.59491503983736,0.0,los
gg5_total6,gossipping_girls/gossipping_girls_total_network_5p.lcgs,gossipping_girls/p1_gurantee_omniscient_before_10_steps_FALSE.json,8,139.91171191446483,0.0,los
gg5_total6,gossipping_girls/gossipping_girls_total_network_5p.lcgs,gossipping_girls/p1_gurantee_omniscient_before_10_steps_FALSE.json,16,67.70955017954111,0.0,los
gg5_total6,gossipping_girls/gossipping_girls_total_network_5p.lcgs,gossipping_girls/p1_gurantee_omniscient_before_10_steps_FALSE.json,32,35.0582388471812,0.0,los
gg5_total7,gossipping_girls/gossipping_girls_total_network_5p.lcgs,gossipping_girls/p2345_eventually_omniscient_without_p1_TRUE.json,1,0.047595616430044174,0.0,los
gg5_total7,gossipping_girls/gossipping_girls_total_network_5p.lcgs,gossipping_girls/p2345_eventually_omniscient_without_p1_TRUE.json,2,0.04757360555231571,0.0,los
gg5_total7,gossipping_girls/gossipping_girls_total_network_5p.lcgs,gossipping_girls/p2345_eventually_omniscient_without_p1_TRUE.json,4,0.047175949439406395,0.0,los
gg5_total7,gossipping_girls/gossipping_girls_total_network_5p.lcgs,gossipping_girls/p2345_eventually_omniscient_without_p1_TRUE.json,8,0.045477136969566345,0.0,los
gg5_total7,gossipping_girls/gossipping_girls_total_network_5p.lcgs,gossipping_girls/p2345_eventually_omniscient_without_p1_TRUE.json,16,0.046238012611866,0.0,los
gg5_total7,gossipping_girls/gossipping_girls_total_network_5p.lcgs,gossipping_girls/p2345_eventually_omniscient_without_p1_TRUE.json,32,0.0475651603192091,0.0,los
prismlike_rc5_1,robot_grid/prismlike_robot_grid_N5.lcgs,robot_grid/can_r1_and_r2_swap_with_help_from_r3_FALSE.json,1,5103.93795077689,27408.140625,los
prismlike_rc5_1,robot_grid/prismlike_robot_grid_N5.lcgs,robot_grid/can_r1_and_r2_swap_with_help_from_r3_FALSE.json,2,2625.5497673284262,600.41796875,los
prismlike_rc5_1,robot_grid/prismlike_robot_grid_N5.lcgs,robot_grid/can_r1_and_r2_swap_with_help_from_r3_FALSE.json,4,1382.7469042707235,1458.375,los
prismlike_rc5_1,robot_grid/prismlike_robot_grid_N5.lcgs,robot_grid/can_r1_and_r2_swap_with_help_from_r3_FALSE.json,8,760.9550543762743,45.89453125,los
prismlike_rc5_1,robot_grid/prismlike_robot_grid_N5.lcgs,robot_grid/can_r1_and_r2_swap_with_help_from_r3_FALSE.json,16,459.0433526393026,1783.2734375,los
prismlike_rc5_1,robot_grid/prismlike_robot_grid_N5.lcgs,robot_grid/can_r1_and_r2_swap_with_help_from_r3_FALSE.json,32,358.0727550201118,4142.34375,los
prismlike_rc5_2,robot_grid/prismlike_robot_grid_N5.lcgs,robot_grid/everyone_starts_home_TRUE.json,1,0.021619444712996483,0.0,los
prismlike_rc5_2,robot_grid/prismlike_robot_grid_N5.lcgs,robot_grid/everyone_starts_home_TRUE.json,2,0.021729610860347748,0.0,los
prismlike_rc5_2,robot_grid/prismlike_robot_grid_N5.lcgs,robot_grid/everyone_starts_home_TRUE.json,4,0.02573269233107567,0.0,los
prismlike_rc5_2,robot_grid/prismlike_robot_grid_N5.lcgs,robot_grid/everyone_starts_home_TRUE.json,8,0.027286112308502197,0.0,los
prismlike_rc5_2,robot_grid/prismlike_robot_grid_N5.lcgs,robot_grid/everyone_starts_home_TRUE.json,16,0.030925637111067772,0.0,los
prismlike_rc5_2,robot_grid/prismlike_robot_grid_N5.lcgs,robot_grid/everyone_starts_home_TRUE.json,32,0.03793901577591896,0.0,los
prismlike_rc5_3,robot_grid/prismlike_robot_grid_N5.lcgs,robot_grid/exist_path_to_targets_with_no_crashes_TRUE.json,1,1.2214472331106663,0.0,los
prismlike_rc5_3,robot_grid/prismlike_robot_grid_N5.lcgs,robot_grid/exist_path_to_targets_with_no_crashes_TRUE.json,2,0.9544194247573614,0.0,los
prismlike_rc5_3,robot_grid/prismlike_robot_grid_N5.lcgs,robot_grid/exist_path_to_targets_with_no_crashes_TRUE.json,4,19.385305639356375,0.0,los
prismlike_rc5_3,robot_grid/prismlike_robot_grid_N5.lcgs,robot_grid/exist_path_to_targets_with_no_crashes_TRUE.json,8,13.022498348727822,0.0,los
prismlike_rc5_3,robot_grid/prismlike_robot_grid_N5.lcgs,robot_grid/exist_path_to_targets_with_no_crashes_TRUE.json,16,58.066882314160466,0.0,los
prismlike_rc5_3,robot_grid/prismlike_robot_grid_N5.lcgs,robot_grid/exist_path_to_targets_with_no_crashes_TRUE.json,32,41.37367155961692,0.0,los
gg6_circular1,gossipping_girls/gossipping_girls_circular_6p.lcgs,gossipping_girls/p123456_ensure_that_p123456_gets_omniscient_before_10_steps_TRUE.json,1,0.03186735883355141,0.0,los
gg6_circular1,gossipping_girls/gossipping_girls_circular_6p.lcgs,gossipping_girls/p123456_ensure_that_p123456_gets_omniscient_before_10_steps_TRUE.json,2,0.03428204357624054,0.0,los
gg6_circular1,gossipping_girls/gossipping_girls_circular_6p.lcgs,gossipping_girls/p123456_ensure_that_p123456_gets_omniscient_before_10_steps_TRUE.json,4,0.032753439620137215,0.0,los
gg6_circular1,gossipping_girls/gossipping_girls_circular_6p.lcgs,gossipping_girls/p123456_ensure_that_p123456_gets_omniscient_before_10_steps_TRUE.json,8,0.03224148787558079,0.0,los
gg6_circular1,gossipping_girls/gossipping_girls_circular_6p.lcgs,gossipping_girls/p123456_ensure_that_p123456_gets_omniscient_before_10_steps_TRUE.json,16,0.03243197500705719,0.0,los
gg6_circular1,gossipping_girls/gossipping_girls_circular_6p.lcgs,gossipping_girls/p123456_ensure_that_p123456_gets_omniscient_before_10_steps_TRUE.json,32,0.033961132168769836,0.0,los
gg6_circular2,gossipping_girls/gossipping_girls_circular_6p.lcgs,gossipping_girls/p123456_ensure_that_only_p1_gets_omniscient_before_10_steps_TRUE.json,1,0.03363976813852787,0.0,los
gg6_circular2,gossipping_girls/gossipping_girls_circular_6p.lcgs,gossipping_girls/p123456_ensure_that_only_p1_gets_omniscient_before_10_steps_TRUE.json,2,0.03275601379573345,0.0,los
gg6_circular2,gossipping_girls/gossipping_girls_circular_6p.lcgs,gossipping_girls/p123456_ensure_that_only_p1_gets_omniscient_before_10_steps_TRUE.json,4,0.03208537772297859,0.0,los
gg6_circular2,gossipping_girls/gossipping_girls_circular_6p.lcgs,gossipping_girls/p123456_ensure_that_only_p1_gets_omniscient_before_10_steps_TRUE.json,8,0.03285647928714752,0.0,los
gg6_circular2,gossipping_girls/gossipping_girls_circular_6p.lcgs,gossipping_girls/p123456_ensure_that_only_p1_gets_omniscient_before_10_steps_TRUE.json,16,0.03394457884132862,0.0,los
gg6_circular2,gossipping_girls/gossipping_girls_circular_6p.lcgs,gossipping_girls/p123456_ensure_that_only_p1_gets_omniscient_before_10_steps_TRUE.json,32,0.03201617859303951,0.0,los
gg6_circular3,gossipping_girls/gossipping_girls_circular_6p.lcgs,gossipping_girls/p123456_ensure_p1_gets_omniscient_before_10_steps_TRUE.json,1,0.03358343057334423,0.0,los
gg6_circular3,gossipping_girls/gossipping_girls_circular_6p.lcgs,gossipping_girls/p123456_ensure_p1_gets_omniscient_before_10_steps_TRUE.json,2,0.03247182071208954,0.0,los
gg6_circular3,gossipping_girls/gossipping_girls_circular_6p.lcgs,gossipping_girls/p123456_ensure_p1_gets_omniscient_before_10_steps_TRUE.json,4,0.030003849416971207,0.0,los
gg6_circular3,gossipping_girls/gossipping_girls_circular_6p.lcgs,gossipping_girls/p123456_ensure_p1_gets_omniscient_before_10_steps_TRUE.json,8,0.031654518097639084,0.0,los
gg6_circular3,gossipping_girls/gossipping_girls_circular_6p.lcgs,gossipping_girls/p123456_ensure_p1_gets_omniscient_before_10_steps_TRUE.json,16,0.03370467200875282,0.0,los
gg6_circular3,gossipping_girls/gossipping_girls_circular_6p.lcgs,gossipping_girls/p123456_ensure_p1_gets_omniscient_before_10_steps_TRUE.json,32,0.032331375405192375,0.0,los
gg6_circular4,gossipping_girls/gossipping_girls_circular_6p.lcgs,gossipping_girls/p123456_omniscient_but_first_after_10_steps_TRUE.json,1,0.032335514202713966,0.0,los
gg6_circular4,gossipping_girls/gossipping_girls_circular_6p.lcgs,gossipping_girls/p123456_omniscient_but_first_after_10_steps_TRUE.json,2,0.032375240698456764,0.0,los
gg6_circular4,gossipping_girls/gossipping_girls_circular_6p.lcgs,gossipping_girls/p123456_omniscient_but_first_after_10_steps_TRUE.json,4,0.03239700011909008,0.0,los
gg6_circular4,gossipping_girls/gossipping_girls_circular_6p.lcgs,gossipping_girls/p123456_omniscient_but_first_after_10_steps_TRUE.json,8,0.032332660630345345,0.0,los
gg6_circular4,gossipping_girls/gossipping_girls_circular_6p.lcgs,gossipping_girls/p123456_omniscient_but_first_after_10_steps_TRUE.json,16,0.032307954505085945,0.0,los
gg6_circular4,gossipping_girls/gossipping_girls_circular_6p.lcgs,gossipping_girls/p123456_omniscient_but_first_after_10_steps_TRUE.json,32,0.0316730048507452,0.0,los
gg6_circular5,gossipping_girls/gossipping_girls_circular_6p.lcgs,gossipping_girls/eventually_10_steps_are_passed_TRUE.json,1,163.2850121818483,0.0,los
gg6_circular5,gossipping_girls/gossipping_girls_circular_6p.lcgs,gossipping_girls/eventually_10_steps_are_passed_TRUE.json,2,93.13759084232152,0.0,los
gg6_circular5,gossipping_girls/gossipping_girls_circular_6p.lcgs,gossipping_girls/eventually_10_steps_are_passed_TRUE.json,4,47.06612375564873,0.0,los
gg6_circular5,gossipping_girls/gossipping_girls_circular_6p.lcgs,gossipping_girls/eventually_10_steps_are_passed_TRUE.json,8,23.88831588998437,0.0,los
gg6_circular5,gossipping_girls/gossipping_girls_circular_6p.lcgs,gossipping_girls/eventually_10_steps_are_passed_TRUE.json,16,12.456352051347494,0.0,los
gg6_circular5,gossipping_girls/gossipping_girls_circular_6p.lcgs,gossipping_girls/eventually_10_steps_are_passed_TRUE.json,32,7.5361204370856285,0.0,los
gg6_circular6,gossipping_girls/gossipping_girls_circular_6p.lcgs,gossipping_girls/p1_gurantee_omniscient_before_10_steps_FALSE.json,1,51.30247361585498,0.0,los
gg6_circular6,gossipping_girls/gossipping_girls_circular_6p.lcgs,gossipping_girls/p1_gurantee_omniscient_before_10_steps_FALSE.json,2,38.3072829246521,0.0,los
gg6_circular6,gossipping_girls/gossipping_girls_circular_6p.lcgs,gossipping_girls/p1_gurantee_omniscient_before_10_steps_FALSE.json,4,14.851957026869059,0.0,los
gg6_circular6,gossipping_girls/gossipping_girls_circular_6p.lcgs,gossipping_girls/p1_gurantee_omniscient_before_10_steps_FALSE.json,8,1.6946161948144436,0.0,los
gg6_circular6,gossipping_girls/gossipping_girls_circular_6p.lcgs,gossipping_girls/p1_gurantee_omniscient_before_10_steps_FALSE.json,16,1.758834870532155,0.0,los
gg6_circular6,gossipping_girls/gossipping_girls_circular_6p.lcgs,gossipping_girls/p1_gurantee_omniscient_before_10_steps_FALSE.json,32,0.910163065418601,0.0,los
gg6_circular7,gossipping_girls/gossipping_girls_circular_6p.lcgs,gossipping_girls/p23456_eventually_omniscient_without_p1_TRUE.json,1,0.029753899201750755,0.0,los
gg6_circular7,gossipping_girls/gossipping_girls_circular_6p.lcgs,gossipping_girls/p23456_eventually_omniscient_without_p1_TRUE.json,2,0.03338837996125221,0.0,los
gg6_circular7,gossipping_girls/gossipping_girls_circular_6p.lcgs,gossipping_girls/p23456_eventually_omniscient_without_p1_TRUE.json,4,0.03216531686484814,0.0,los
gg6_circular7,gossipping_girls/gossipping_girls_circular_6p.lcgs,gossipping_girls/p23456_eventually_omniscient_without_p1_TRUE.json,8,0.031806545332074165,0.0,los
gg6_circular7,gossipping_girls/gossipping_girls_circular_6p.lcgs,gossipping_girls/p23456_eventually_omniscient_without_p1_TRUE.json,16,0.030011439695954323,0.0,los
gg6_circular7,gossipping_girls/gossipping_girls_circular_6p.lcgs,gossipping_girls/p23456_eventually_omniscient_without_p1_TRUE.json,32,0.03131583705544472,0.0,los
gg6_total1,gossipping_girls/gossipping_girls_total_network_6p.lcgs,gossipping_girls/p123456_ensure_that_p123456_gets_omniscient_before_10_steps_TRUE.json,1,0.057603275403380394,0.0,los
gg6_total1,gossipping_girls/gossipping_girls_total_network_6p.lcgs,gossipping_girls/p123456_ensure_that_p123456_gets_omniscient_before_10_steps_TRUE.json,2,0.056509627029299736,0.0,los
gg6_total1,gossipping_girls/gossipping_girls_total_network_6p.lcgs,gossipping_girls/p123456_ensure_that_p123456_gets_omniscient_before_10_steps_TRUE.json,4,0.058150894939899445,0.0,los
gg6_total1,gossipping_girls/gossipping_girls_total_network_6p.lcgs,gossipping_girls/p123456_ensure_that_p123456_gets_omniscient_before_10_steps_TRUE.json,8,0.05683295428752899,0.0,los
gg6_total1,gossipping_girls/gossipping_girls_total_network_6p.lcgs,gossipping_girls/p123456_ensure_that_p123456_gets_omniscient_before_10_steps_TRUE.json,16,0.0567127987742424,0.0,los
gg6_total1,gossipping_girls/gossipping_girls_total_network_6p.lcgs,gossipping_girls/p123456_ensure_that_p123456_gets_omniscient_before_10_steps_TRUE.json,32,0.056617407128214836,0.0,los
gg6_total2,gossipping_girls/gossipping_girls_total_network_6p.lcgs,gossipping_girls/p123456_ensure_that_only_p1_gets_omniscient_before_10_steps_TRUE.json,1,0.05623554438352585,0.0,los
gg6_total2,gossipping_girls/gossipping_girls_total_network_6p.lcgs,gossipping_girls/p123456_ensure_that_only_p1_gets_omniscient_before_10_steps_TRUE.json,2,0.0567487645894289,0.0,los
gg6_total2,gossipping_girls/gossipping_girls_total_network_6p.lcgs,gossipping_girls/p123456_ensure_that_only_p1_gets_omniscient_before_10_steps_TRUE.json,4,0.054496005177497864,0.0,los
gg6_total2,gossipping_girls/gossipping_girls_total_network_6p.lcgs,gossipping_girls/p123456_ensure_that_only_p1_gets_omniscient_before_10_steps_TRUE.json,8,0.057247547432780266,0.0,los
gg6_total2,gossipping_girls/gossipping_girls_total_network_6p.lcgs,gossipping_girls/p123456_ensure_that_only_p1_gets_omniscient_before_10_steps_TRUE.json,16,0.058205828070640564,0.0,los
gg6_total2,gossipping_girls/gossipping_girls_total_network_6p.lcgs,gossipping_girls/p123456_ensure_that_only_p1_gets_omniscient_before_10_steps_TRUE.json,32,0.056814346462488174,0.0,los
gg6_total3,gossipping_girls/gossipping_girls_total_network_6p.lcgs,gossipping_girls/p123456_ensure_p1_gets_omniscient_before_10_steps_TRUE.json,1,0.05442127399146557,0.0,los
gg6_total3,gossipping_girls/gossipping_girls_total_network_6p.lcgs,gossipping_girls/p123456_ensure_p1_gets_omniscient_before_10_steps_TRUE.json,2,0.056940553709864616,0.0,los
gg6_total3,gossipping_girls/gossipping_girls_total_network_6p.lcgs,gossipping_girls/p123456_ensure_p1_gets_omniscient_before_10_steps_TRUE.json,4,0.056452520191669464,0.0,los
gg6_total3,gossipping_girls/gossipping_girls_total_network_6p.lcgs,gossipping_girls/p123456_ensure_p1_gets_omniscient_before_10_steps_TRUE.json,8,0.054135218262672424,0.0,los
gg6_total3,gossipping_girls/gossipping_girls_total_network_6p.lcgs,gossipping_girls/p123456_ensure_p1_gets_omniscient_before_10_steps_TRUE.json,16,0.057636136189103127,0.0,los
gg6_total3,gossipping_girls/gossipping_girls_total_network_6p.lcgs,gossipping_girls/p123456_ensure_p1_gets_omniscient_before_10_steps_TRUE.json,32,0.05658958479762077,0.0,los
gg6_total4,gossipping_girls/gossipping_girls_total_network_6p.lcgs,gossipping_girls/p123456_omniscient_but_first_after_10_steps_TRUE.json,1,0.05653506517410278,0.0,los
gg6_total4,gossipping_girls/gossipping_girls_total_network_6p.lcgs,gossipping_girls/p123456_omniscient_but_first_after_10_steps_TRUE.json,2,0.056331152096390724,0.0,los
gg6_total4,gossipping_girls/gossipping_girls_total_network_6p.lcgs,gossipping_girls/p123456_omniscient_but_first_after_10_steps_TRUE.json,4,0.057806285098195076,0.0,los
gg6_total4,gossipping_girls/gossipping_girls_total_network_6p.lcgs,gossipping_girls/p123456_omniscient_but_first_after_10_steps_TRUE.json,8,0.05759816616773605,0.0,los
gg6_total4,gossipping_girls/gossipping_girls_total_network_6p.lcgs,gossipping_girls/p123456_omniscient_but_first_after_10_steps_TRUE.json,16,0.05661453306674957,0.0,los
gg6_total4,gossipping_girls/gossipping_girls_total_network_6p.lcgs,gossipping_girls/p123456_omniscient_but_first_after_10_steps_TRUE.json,32,0.055951161310076714,0.0,los
