name,model,formula,threads,time_s,search_strategy
mexican_standoff_3p_1hp_lcgs_survive,mexican_standoff/mexican_standoff_3p_1hp.lcgs,mexican_standoff/can_p1_guarantee_to_survive_FALSE.json,1,0.01870851218700409,lrs
mexican_standoff_3p_1hp_lcgs_survive,mexican_standoff/mexican_standoff_3p_1hp.lcgs,mexican_standoff/can_p1_guarantee_to_survive_FALSE.json,2,0.021835342049598694,lrs
mexican_standoff_3p_1hp_lcgs_survive,mexican_standoff/mexican_standoff_3p_1hp.lcgs,mexican_standoff/can_p1_guarantee_to_survive_FALSE.json,4,0.023177415132522583,lrs
mexican_standoff_3p_1hp_lcgs_survive,mexican_standoff/mexican_standoff_3p_1hp.lcgs,mexican_standoff/can_p1_guarantee_to_survive_FALSE.json,8,0.02370544895529747,lrs
mexican_standoff_3p_1hp_lcgs_survive,mexican_standoff/mexican_standoff_3p_1hp.lcgs,mexican_standoff/can_p1_guarantee_to_survive_FALSE.json,16,0.023404734209179878,lrs
mexican_standoff_3p_1hp_lcgs_survive,mexican_standoff/mexican_standoff_3p_1hp.lcgs,mexican_standoff/can_p1_guarantee_to_survive_FALSE.json,32,0.028127510100603104,lrs
mexican_standoff_3p_1hp_lcgs_suicide,mexican_standoff/mexican_standoff_3p_1hp.lcgs,mexican_standoff/can_p1_suicide_FALSE.json,1,0.017794501036405563,lrs
mexican_standoff_3p_1hp_lcgs_suicide,mexican_standoff/mexican_standoff_3p_1hp.lcgs,mexican_standoff/can_p1_suicide_FALSE.json,2,0.0252637080848217,lrs
mexican_standoff_3p_1hp_lcgs_suicide,mexican_standoff/mexican_standoff_3p_1hp.lcgs,mexican_standoff/can_p1_suicide_FALSE.json,4,0.0332103930413723,lrs
mexican_standoff_3p_1hp_lcgs_suicide,mexican_standoff/mexican_standoff_3p_1hp.lcgs,mexican_standoff/can_p1_suicide_FALSE.json,8,0.043554022908210754,lrs
mexican_standoff_3p_1hp_lcgs_suicide,mexican_standoff/mexican_standoff_3p_1hp.lcgs,mexican_standoff/can_p1_suicide_FALSE.json,16,0.07114878855645657,lrs
mexican_standoff_3p_1hp_lcgs_suicide,mexican_standoff/mexican_standoff_3p_1hp.lcgs,mexican_standoff/can_p1_suicide_FALSE.json,32,0.10915148071944714,lrs
mexican_standoff_3p_1hp_lcgs_teamwork,mexican_standoff/mexican_standoff_3p_1hp.lcgs,mexican_standoff/can_2_players_guarantee_atleast_one_of_them_survives.json,1,0.019710728898644447,lrs
mexican_standoff_3p_1hp_lcgs_teamwork,mexican_standoff/mexican_standoff_3p_1hp.lcgs,mexican_standoff/can_2_players_guarantee_atleast_one_of_them_survives.json,2,0.027067365124821663,lrs
mexican_standoff_3p_1hp_lcgs_teamwork,mexican_standoff/mexican_standoff_3p_1hp.lcgs,mexican_standoff/can_2_players_guarantee_atleast_one_of_them_survives.json,4,0.037517793476581573,lrs
mexican_standoff_3p_1hp_lcgs_teamwork,mexican_standoff/mexican_standoff_3p_1hp.lcgs,mexican_standoff/can_2_players_guarantee_atleast_one_of_them_survives.json,8,0.054007360711693764,lrs
mexican_standoff_3p_1hp_lcgs_teamwork,mexican_standoff/mexican_standoff_3p_1hp.lcgs,mexican_standoff/can_2_players_guarantee_atleast_one_of_them_survives.json,16,0.07583190314471722,lrs
mexican_standoff_3p_1hp_lcgs_teamwork,mexican_standoff/mexican_standoff_3p_1hp.lcgs,mexican_standoff/can_2_players_guarantee_atleast_one_of_them_survives.json,32,0.12124542333185673,lrs
mexican_standoff_3p_3hp_lcgs_survive,mexican_standoff/mexican_standoff_3p_3hp.lcgs,mexican_standoff/can_p1_guarantee_to_survive_FALSE.json,1,0.03362659364938736,lrs
mexican_standoff_3p_3hp_lcgs_survive,mexican_standoff/mexican_standoff_3p_3hp.lcgs,mexican_standoff/can_p1_guarantee_to_survive_FALSE.json,2,0.03202712722122669,lrs
mexican_standoff_3p_3hp_lcgs_survive,mexican_standoff/mexican_standoff_3p_3hp.lcgs,mexican_standoff/can_p1_guarantee_to_survive_FALSE.json,4,0.02850462682545185,lrs
mexican_standoff_3p_3hp_lcgs_survive,mexican_standoff/mexican_standoff_3p_3hp.lcgs,mexican_standoff/can_p1_guarantee_to_survive_FALSE.json,8,0.028427451848983765,lrs
mexican_standoff_3p_3hp_lcgs_survive,mexican_standoff/mexican_standoff_3p_3hp.lcgs,mexican_standoff/can_p1_guarantee_to_survive_FALSE.json,16,0.025758272036910057,lrs
mexican_standoff_3p_3hp_lcgs_survive,mexican_standoff/mexican_standoff_3p_3hp.lcgs,mexican_standoff/can_p1_guarantee_to_survive_FALSE.json,32,0.029535898938775063,lrs
mexican_standoff_3p_3hp_lcgs_suicide,mexican_standoff/mexican_standoff_3p_3hp.lcgs,mexican_standoff/can_p1_suicide_FALSE.json,1,0.03189723193645477,lrs
mexican_standoff_3p_3hp_lcgs_suicide,mexican_standoff/mexican_standoff_3p_3hp.lcgs,mexican_standoff/can_p1_suicide_FALSE.json,2,0.034961553290486336,lrs
mexican_standoff_3p_3hp_lcgs_suicide,mexican_standoff/mexican_standoff_3p_3hp.lcgs,mexican_standoff/can_p1_suicide_FALSE.json,4,0.038732198998332024,lrs
mexican_standoff_3p_3hp_lcgs_suicide,mexican_standoff/mexican_standoff_3p_3hp.lcgs,mexican_standoff/can_p1_suicide_FALSE.json,8,0.055767958983778954,lrs
mexican_standoff_3p_3hp_lcgs_suicide,mexican_standoff/mexican_standoff_3p_3hp.lcgs,mexican_standoff/can_p1_suicide_FALSE.json,16,0.07212534546852112,lrs
mexican_standoff_3p_3hp_lcgs_suicide,mexican_standoff/mexican_standoff_3p_3hp.lcgs,mexican_standoff/can_p1_suicide_FALSE.json,32,0.11694370210170746,lrs
mexican_standoff_3p_3hp_lcgs_teamwork,mexican_standoff/mexican_standoff_3p_3hp.lcgs,mexican_standoff/can_2_players_guarantee_atleast_one_of_them_survives.json,1,0.03856271132826805,lrs
mexican_standoff_3p_3hp_lcgs_teamwork,mexican_standoff/mexican_standoff_3p_3hp.lcgs,mexican_standoff/can_2_players_guarantee_atleast_one_of_them_survives.json,2,0.04012151435017586,lrs
mexican_standoff_3p_3hp_lcgs_teamwork,mexican_standoff/mexican_standoff_3p_3hp.lcgs,mexican_standoff/can_2_players_guarantee_atleast_one_of_them_survives.json,4,0.04029294475913048,lrs
mexican_standoff_3p_3hp_lcgs_teamwork,mexican_standoff/mexican_standoff_3p_3hp.lcgs,mexican_standoff/can_2_players_guarantee_atleast_one_of_them_survives.json,8,0.05515178479254246,lrs
mexican_standoff_3p_3hp_lcgs_teamwork,mexican_standoff/mexican_standoff_3p_3hp.lcgs,mexican_standoff/can_2_players_guarantee_atleast_one_of_them_survives.json,16,0.08213144540786743,lrs
mexican_standoff_3p_3hp_lcgs_teamwork,mexican_standoff/mexican_standoff_3p_3hp.lcgs,mexican_standoff/can_2_players_guarantee_atleast_one_of_them_survives.json,32,0.13864270970225334,lrs
mexican_standoff_5p_1hp_lcgs_survive,mexican_standoff/mexican_standoff_5p_1hp.lcgs,mexican_standoff/can_p1_guarantee_to_survive_FALSE.json,1,0.14912350475788116,lrs
mexican_standoff_5p_1hp_lcgs_survive,mexican_standoff/mexican_standoff_5p_1hp.lcgs,mexican_standoff/can_p1_guarantee_to_survive_FALSE.json,2,0.14319996535778046,lrs
mexican_standoff_5p_1hp_lcgs_survive,mexican_standoff/mexican_standoff_5p_1hp.lcgs,mexican_standoff/can_p1_guarantee_to_survive_FALSE.json,4,0.09684647619724274,lrs
mexican_standoff_5p_1hp_lcgs_survive,mexican_standoff/mexican_standoff_5p_1hp.lcgs,mexican_standoff/can_p1_guarantee_to_survive_FALSE.json,8,0.08131036534905434,lrs
mexican_standoff_5p_1hp_lcgs_survive,mexican_standoff/mexican_standoff_5p_1hp.lcgs,mexican_standoff/can_p1_guarantee_to_survive_FALSE.json,16,0.07673279941082001,lrs
mexican_standoff_5p_1hp_lcgs_survive,mexican_standoff/mexican_standoff_5p_1hp.lcgs,mexican_standoff/can_p1_guarantee_to_survive_FALSE.json,32,0.07404149696230888,lrs
mexican_standoff_5p_1hp_lcgs_suicide,mexican_standoff/mexican_standoff_5p_1hp.lcgs,mexican_standoff/can_p1_suicide_FALSE.json,1,0.18175232037901878,lrs
mexican_standoff_5p_1hp_lcgs_suicide,mexican_standoff/mexican_standoff_5p_1hp.lcgs,mexican_standoff/can_p1_suicide_FALSE.json,2,0.19491556100547314,lrs
mexican_standoff_5p_1hp_lcgs_suicide,mexican_standoff/mexican_standoff_5p_1hp.lcgs,mexican_standoff/can_p1_suicide_FALSE.json,4,0.19668916426599026,lrs
mexican_standoff_5p_1hp_lcgs_suicide,mexican_standoff/mexican_standoff_5p_1hp.lcgs,mexican_standoff/can_p1_suicide_FALSE.json,8,0.18587825819849968,lrs
mexican_standoff_5p_1hp_lcgs_suicide,mexican_standoff/mexican_standoff_5p_1hp.lcgs,mexican_standoff/can_p1_suicide_FALSE.json,16,0.20491820387542248,lrs
mexican_standoff_5p_1hp_lcgs_suicide,mexican_standoff/mexican_standoff_5p_1hp.lcgs,mexican_standoff/can_p1_suicide_FALSE.json,32,0.2527472600340843,lrs
mexican_standoff_5p_1hp_lcgs_teamwork,mexican_standoff/mexican_standoff_5p_1hp.lcgs,mexican_standoff/can_3_players_guarantee_atleast_one_of_them_survives.json,1,0.5227801948785782,lrs
mexican_standoff_5p_1hp_lcgs_teamwork,mexican_standoff/mexican_standoff_5p_1hp.lcgs,mexican_standoff/can_3_players_guarantee_atleast_one_of_them_survives.json,2,0.4312320463359356,lrs
mexican_standoff_5p_1hp_lcgs_teamwork,mexican_standoff/mexican_standoff_5p_1hp.lcgs,mexican_standoff/can_3_players_guarantee_atleast_one_of_them_survives.json,4,0.41400817409157753,lrs
mexican_standoff_5p_1hp_lcgs_teamwork,mexican_standoff/mexican_standoff_5p_1hp.lcgs,mexican_standoff/can_3_players_guarantee_atleast_one_of_them_survives.json,8,0.3872085101902485,lrs
mexican_standoff_5p_1hp_lcgs_teamwork,mexican_standoff/mexican_standoff_5p_1hp.lcgs,mexican_standoff/can_3_players_guarantee_atleast_one_of_them_survives.json,16,0.39488546550273895,lrs
mexican_standoff_5p_1hp_lcgs_teamwork,mexican_standoff/mexican_standoff_5p_1hp.lcgs,mexican_standoff/can_3_players_guarantee_atleast_one_of_them_survives.json,32,0.44641578383743763,lrs
mexican_standoff_5p_3hp_lcgs_survive,mexican_standoff/mexican_standoff_5p_3hp.lcgs,mexican_standoff/can_p1_guarantee_to_survive_FALSE.json,1,14.138911308720708,lrs
mexican_standoff_5p_3hp_lcgs_survive,mexican_standoff/mexican_standoff_5p_3hp.lcgs,mexican_standoff/can_p1_guarantee_to_survive_FALSE.json,2,6.203178225085139,lrs
mexican_standoff_5p_3hp_lcgs_survive,mexican_standoff/mexican_standoff_5p_3hp.lcgs,mexican_standoff/can_p1_guarantee_to_survive_FALSE.json,4,3.406274823471904,lrs
mexican_standoff_5p_3hp_lcgs_survive,mexican_standoff/mexican_standoff_5p_3hp.lcgs,mexican_standoff/can_p1_guarantee_to_survive_FALSE.json,8,1.5743401404470205,lrs
mexican_standoff_5p_3hp_lcgs_survive,mexican_standoff/mexican_standoff_5p_3hp.lcgs,mexican_standoff/can_p1_guarantee_to_survive_FALSE.json,16,1.3137754797935486,lrs
mexican_standoff_5p_3hp_lcgs_survive,mexican_standoff/mexican_standoff_5p_3hp.lcgs,mexican_standoff/can_p1_guarantee_to_survive_FALSE.json,32,0.8637690134346485,lrs
mexican_standoff_5p_3hp_lcgs_suicide,mexican_standoff/mexican_standoff_5p_3hp.lcgs,mexican_standoff/can_p1_suicide_FALSE.json,1,26.721739711239934,lrs
mexican_standoff_5p_3hp_lcgs_suicide,mexican_standoff/mexican_standoff_5p_3hp.lcgs,mexican_standoff/can_p1_suicide_FALSE.json,2,14.26616032794118,lrs
mexican_standoff_5p_3hp_lcgs_suicide,mexican_standoff/mexican_standoff_5p_3hp.lcgs,mexican_standoff/can_p1_suicide_FALSE.json,4,8.904010755941272,lrs
mexican_standoff_5p_3hp_lcgs_suicide,mexican_standoff/mexican_standoff_5p_3hp.lcgs,mexican_standoff/can_p1_suicide_FALSE.json,8,6.812383936718106,lrs
mexican_standoff_5p_3hp_lcgs_suicide,mexican_standoff/mexican_standoff_5p_3hp.lcgs,mexican_standoff/can_p1_suicide_FALSE.json,16,5.458470115438104,lrs
mexican_standoff_5p_3hp_lcgs_suicide,mexican_standoff/mexican_standoff_5p_3hp.lcgs,mexican_standoff/can_p1_suicide_FALSE.json,32,5.329011674970388,lrs
mexican_standoff_5p_3hp_lcgs_teamwork,mexican_standoff/mexican_standoff_5p_3hp.lcgs,mexican_standoff/can_3_players_guarantee_atleast_one_of_them_survives.json,1,83.07807874493301,lrs
mexican_standoff_5p_3hp_lcgs_teamwork,mexican_standoff/mexican_standoff_5p_3hp.lcgs,mexican_standoff/can_3_players_guarantee_atleast_one_of_them_survives.json,2,44.675157411023974,lrs
mexican_standoff_5p_3hp_lcgs_teamwork,mexican_standoff/mexican_standoff_5p_3hp.lcgs,mexican_standoff/can_3_players_guarantee_atleast_one_of_them_survives.json,4,27.91256025992334,lrs
mexican_standoff_5p_3hp_lcgs_teamwork,mexican_standoff/mexican_standoff_5p_3hp.lcgs,mexican_standoff/can_3_players_guarantee_atleast_one_of_them_survives.json,8,29.92158536054194,lrs
mexican_standoff_5p_3hp_lcgs_teamwork,mexican_standoff/mexican_standoff_5p_3hp.lcgs,mexican_standoff/can_3_players_guarantee_atleast_one_of_them_survives.json,16,30.17639105208218,lrs
mexican_standoff_5p_3hp_lcgs_teamwork,mexican_standoff/mexican_standoff_5p_3hp.lcgs,mexican_standoff/can_3_players_guarantee_atleast_one_of_them_survives.json,32,26.280758986249566,lrs
ttt1,tic_tac_toe/tic_tac_toe.lcgs,tic_tac_toe/can_cross_avoid_lose_TRUE.json,1,1.0467283446341753,lrs
ttt1,tic_tac_toe/tic_tac_toe.lcgs,tic_tac_toe/can_cross_avoid_lose_TRUE.json,2,0.6363577619194984,lrs
ttt1,tic_tac_toe/tic_tac_toe.lcgs,tic_tac_toe/can_cross_avoid_lose_TRUE.json,4,0.41018956527113914,lrs
ttt1,tic_tac_toe/tic_tac_toe.lcgs,tic_tac_toe/can_cross_avoid_lose_TRUE.json,8,0.3064047824591398,lrs
ttt1,tic_tac_toe/tic_tac_toe.lcgs,tic_tac_toe/can_cross_avoid_lose_TRUE.json,16,0.24989346973598003,lrs
ttt1,tic_tac_toe/tic_tac_toe.lcgs,tic_tac_toe/can_cross_avoid_lose_TRUE.json,32,0.2140917107462883,lrs
ttt2,tic_tac_toe/tic_tac_toe.lcgs,tic_tac_toe/can_cross_guarantee_tie_TRUE.json,1,0.8326633758842945,lrs
ttt2,tic_tac_toe/tic_tac_toe.lcgs,tic_tac_toe/can_cross_guarantee_tie_TRUE.json,2,0.4842133093625307,lrs
ttt2,tic_tac_toe/tic_tac_toe.lcgs,tic_tac_toe/can_cross_guarantee_tie_TRUE.json,4,0.3122211769223213,lrs
ttt2,tic_tac_toe/tic_tac_toe.lcgs,tic_tac_toe/can_cross_guarantee_tie_TRUE.json,8,0.2229880876839161,lrs
ttt2,tic_tac_toe/tic_tac_toe.lcgs,tic_tac_toe/can_cross_guarantee_tie_TRUE.json,16,0.19387909024953842,lrs
ttt2,tic_tac_toe/tic_tac_toe.lcgs,tic_tac_toe/can_cross_guarantee_tie_TRUE.json,32,0.20956651866436005,lrs
ttt3,tic_tac_toe/tic_tac_toe.lcgs,tic_tac_toe/can_cross_guarantee_win_FALSE.json,1,0.8346099443733692,lrs
ttt3,tic_tac_toe/tic_tac_toe.lcgs,tic_tac_toe/can_cross_guarantee_win_FALSE.json,2,0.48994681239128113,lrs
ttt3,tic_tac_toe/tic_tac_toe.lcgs,tic_tac_toe/can_cross_guarantee_win_FALSE.json,4,0.3158442471176386,lrs
ttt3,tic_tac_toe/tic_tac_toe.lcgs,tic_tac_toe/can_cross_guarantee_win_FALSE.json,8,0.23709856532514095,lrs
ttt3,tic_tac_toe/tic_tac_toe.lcgs,tic_tac_toe/can_cross_guarantee_win_FALSE.json,16,0.21547594480216503,lrs
ttt3,tic_tac_toe/tic_tac_toe.lcgs,tic_tac_toe/can_cross_guarantee_win_FALSE.json,32,0.21333609148859978,lrs
ttt4,tic_tac_toe/tic_tac_toe.lcgs,tic_tac_toe/can_nought_avoid_lose_TRUE.json,1,1.0655577071011066,lrs
ttt4,tic_tac_toe/tic_tac_toe.lcgs,tic_tac_toe/can_nought_avoid_lose_TRUE.json,2,0.6193630192428827,lrs
ttt4,tic_tac_toe/tic_tac_toe.lcgs,tic_tac_toe/can_nought_avoid_lose_TRUE.json,4,0.42747572250664234,lrs
ttt4,tic_tac_toe/tic_tac_toe.lcgs,tic_tac_toe/can_nought_avoid_lose_TRUE.json,8,0.32818766310811043,lrs
ttt4,tic_tac_toe/tic_tac_toe.lcgs,tic_tac_toe/can_nought_avoid_lose_TRUE.json,16,0.2672336883842945,lrs
ttt4,tic_tac_toe/tic_tac_toe.lcgs,tic_tac_toe/can_nought_avoid_lose_TRUE.json,32,0.22479214891791344,lrs
ttt5,tic_tac_toe/tic_tac_toe.lcgs,tic_tac_toe/can_nought_guarantee_win_FALSE.json,1,0.8370541725307703,lrs
ttt5,tic_tac_toe/tic_tac_toe.lcgs,tic_tac_toe/can_nought_guarantee_win_FALSE.json,2,0.4837865009903908,lrs
ttt5,tic_tac_toe/tic_tac_toe.lcgs,tic_tac_toe/can_nought_guarantee_win_FALSE.json,4,0.31417400762438774,lrs
ttt5,tic_tac_toe/tic_tac_toe.lcgs,tic_tac_toe/can_nought_guarantee_win_FALSE.json,8,0.22997132316231728,lrs
ttt5,tic_tac_toe/tic_tac_toe.lcgs,tic_tac_toe/can_nought_guarantee_win_FALSE.json,16,0.2038662526756525,lrs
ttt5,tic_tac_toe/tic_tac_toe.lcgs,tic_tac_toe/can_nought_guarantee_win_FALSE.json,32,0.20685415714979172,lrs
rc3_1,robot_grid/robot_grid_N3.lcgs,robot_grid/can_r1_and_r2_swap_with_help_from_r3_FALSE.json,1,57.09461661987007,lrs
rc3_1,robot_grid/robot_grid_N3.lcgs,robot_grid/can_r1_and_r2_swap_with_help_from_r3_FALSE.json,2,30.00943378172815,lrs
rc3_1,robot_grid/robot_grid_N3.lcgs,robot_grid/can_r1_and_r2_swap_with_help_from_r3_FALSE.json,4,16.295219860970974,lrs
rc3_1,robot_grid/robot_grid_N3.lcgs,robot_grid/can_r1_and_r2_swap_with_help_from_r3_FALSE.json,8,9.261655531823635,lrs
rc3_1,robot_grid/robot_grid_N3.lcgs,robot_grid/can_r1_and_r2_swap_with_help_from_r3_FALSE.json,16,5.468292124569416,lrs
rc3_1,robot_grid/robot_grid_N3.lcgs,robot_grid/can_r1_and_r2_swap_with_help_from_r3_FALSE.json,32,3.7588708866387606,lrs
rc3_2,robot_grid/robot_grid_N3.lcgs,robot_grid/everyone_starts_home_TRUE.json,1,0.026453685015439987,lrs
rc3_2,robot_grid/robot_grid_N3.lcgs,robot_grid/everyone_starts_home_TRUE.json,2,0.02925475500524044,lrs
rc3_2,robot_grid/robot_grid_N3.lcgs,robot_grid/everyone_starts_home_TRUE.json,4,0.02942638471722603,lrs
rc3_2,robot_grid/robot_grid_N3.lcgs,robot_grid/everyone_starts_home_TRUE.json,8,0.03306089714169502,lrs
rc3_2,robot_grid/robot_grid_N3.lcgs,robot_grid/everyone_starts_home_TRUE.json,16,0.03922030329704285,lrs
rc3_2,robot_grid/robot_grid_N3.lcgs,robot_grid/everyone_starts_home_TRUE.json,32,0.0553092285990715,lrs
rc3_3,robot_grid/robot_grid_N3.lcgs,robot_grid/exist_path_to_targets_with_no_crashes_TRUE.json,1,1.2945186905562878,lrs
rc3_3,robot_grid/robot_grid_N3.lcgs,robot_grid/exist_path_to_targets_with_no_crashes_TRUE.json,2,5.6197828110307455,lrs
rc3_3,robot_grid/robot_grid_N3.lcgs,robot_grid/exist_path_to_targets_with_no_crashes_TRUE.json,4,12.909119730815291,lrs
rc3_3,robot_grid/robot_grid_N3.lcgs,robot_grid/exist_path_to_targets_with_no_crashes_TRUE.json,8,7.25695189088583,lrs
rc3_3,robot_grid/robot_grid_N3.lcgs,robot_grid/exist_path_to_targets_with_no_crashes_TRUE.json,16,3.901831641793251,lrs
rc3_3,robot_grid/robot_grid_N3.lcgs,robot_grid/exist_path_to_targets_with_no_crashes_TRUE.json,32,2.177918905392289,lrs
rc4_1,robot_grid/robot_grid_N4.lcgs,robot_grid/can_r1_and_r2_swap_with_help_from_r3_FALSE.json,1,1105.062819795683,lrs
rc4_1,robot_grid/robot_grid_N4.lcgs,robot_grid/can_r1_and_r2_swap_with_help_from_r3_FALSE.json,2,551.4920720886439,lrs
rc4_1,robot_grid/robot_grid_N4.lcgs,robot_grid/can_r1_and_r2_swap_with_help_from_r3_FALSE.json,4,272.35649132728577,lrs
rc4_1,robot_grid/robot_grid_N4.lcgs,robot_grid/can_r1_and_r2_swap_with_help_from_r3_FALSE.json,8,155.0290476474911,lrs
rc4_1,robot_grid/robot_grid_N4.lcgs,robot_grid/can_r1_and_r2_swap_with_help_from_r3_FALSE.json,16,92.21764133870602,lrs
rc4_1,robot_grid/robot_grid_N4.lcgs,robot_grid/can_r1_and_r2_swap_with_help_from_r3_FALSE.json,32,73.12407706677914,lrs
rc4_2,robot_grid/robot_grid_N4.lcgs,robot_grid/everyone_starts_home_TRUE.json,1,0.024328075349330902,lrs
rc4_2,robot_grid/robot_grid_N4.lcgs,robot_grid/everyone_starts_home_TRUE.json,2,0.026630831882357597,lrs
rc4_2,robot_grid/robot_grid_N4.lcgs,robot_grid/everyone_starts_home_TRUE.json,4,0.029002133756875992,lrs
rc4_2,robot_grid/robot_grid_N4.lcgs,robot_grid/everyone_starts_home_TRUE.json,8,0.03091311641037464,lrs
rc4_2,robot_grid/robot_grid_N4.lcgs,robot_grid/everyone_starts_home_TRUE.json,16,0.04194324463605881,lrs
rc4_2,robot_grid/robot_grid_N4.lcgs,robot_grid/everyone_starts_home_TRUE.json,32,0.05249338410794735,lrs
rc4_3,robot_grid/robot_grid_N4.lcgs,robot_grid/exist_path_to_targets_with_no_crashes_TRUE.json,1,3.041517898440361,lrs
rc4_3,robot_grid/robot_grid_N4.lcgs,robot_grid/exist_path_to_targets_with_no_crashes_TRUE.json,2,3.4932524040341377,lrs
rc4_3,robot_grid/robot_grid_N4.lcgs,robot_grid/exist_path_to_targets_with_no_crashes_TRUE.json,4,98.372368786484,lrs
rc4_3,robot_grid/robot_grid_N4.lcgs,robot_grid/exist_path_to_targets_with_no_crashes_TRUE.json,8,63.27804312855005,lrs
rc4_3,robot_grid/robot_grid_N4.lcgs,robot_grid/exist_path_to_targets_with_no_crashes_TRUE.json,16,42.912894459441304,lrs
rc4_3,robot_grid/robot_grid_N4.lcgs,robot_grid/exist_path_to_targets_with_no_crashes_TRUE.json,32,25.027716608718038,lrs
prismlike_rc3_1,robot_grid/prismlike_robot_grid_N3.lcgs,robot_grid/can_r1_and_r2_swap_with_help_from_r3_FALSE.json,1,24.689754266291857,lrs
prismlike_rc3_1,robot_grid/prismlike_robot_grid_N3.lcgs,robot_grid/can_r1_and_r2_swap_with_help_from_r3_FALSE.json,2,12.711190417408943,lrs
prismlike_rc3_1,robot_grid/prismlike_robot_grid_N3.lcgs,robot_grid/can_r1_and_r2_swap_with_help_from_r3_FALSE.json,4,6.8677307441830635,lrs
prismlike_rc3_1,robot_grid/prismlike_robot_grid_N3.lcgs,robot_grid/can_r1_and_r2_swap_with_help_from_r3_FALSE.json,8,3.829292271286249,lrs
prismlike_rc3_1,robot_grid/prismlike_robot_grid_N3.lcgs,robot_grid/can_r1_and_r2_swap_with_help_from_r3_FALSE.json,16,2.634429031983018,lrs
prismlike_rc3_1,robot_grid/prismlike_robot_grid_N3.lcgs,robot_grid/can_r1_and_r2_swap_with_help_from_r3_FALSE.json,32,1.8442596960812807,lrs
prismlike_rc3_2,robot_grid/prismlike_robot_grid_N3.lcgs,robot_grid/everyone_starts_home_TRUE.json,1,0.021822389215230942,lrs
prismlike_rc3_2,robot_grid/prismlike_robot_grid_N3.lcgs,robot_grid/everyone_starts_home_TRUE.json,2,0.024242788553237915,lrs
prismlike_rc3_2,robot_grid/prismlike_robot_grid_N3.lcgs,robot_grid/everyone_starts_home_TRUE.json,4,0.024622978642582893,lrs
prismlike_rc3_2,robot_grid/prismlike_robot_grid_N3.lcgs,robot_grid/everyone_starts_home_TRUE.json,8,0.018631691113114357,lrs
prismlike_rc3_2,robot_grid/prismlike_robot_grid_N3.lcgs,robot_grid/everyone_starts_home_TRUE.json,16,0.028961772099137306,lrs
prismlike_rc3_2,robot_grid/prismlike_robot_grid_N3.lcgs,robot_grid/everyone_starts_home_TRUE.json,32,0.036147590726614,lrs
prismlike_rc3_3,robot_grid/prismlike_robot_grid_N3.lcgs,robot_grid/exist_path_to_targets_with_no_crashes_TRUE.json,1,0.972424665465951,lrs
prismlike_rc3_3,robot_grid/prismlike_robot_grid_N3.lcgs,robot_grid/exist_path_to_targets_with_no_crashes_TRUE.json,2,6.409276492893696,lrs
prismlike_rc3_3,robot_grid/prismlike_robot_grid_N3.lcgs,robot_grid/exist_path_to_targets_with_no_crashes_TRUE.json,4,6.259103011339903,lrs
prismlike_rc3_3,robot_grid/prismlike_robot_grid_N3.lcgs,robot_grid/exist_path_to_targets_with_no_crashes_TRUE.json,8,3.4039881452918053,lrs
prismlike_rc3_3,robot_grid/prismlike_robot_grid_N3.lcgs,robot_grid/exist_path_to_targets_with_no_crashes_TRUE.json,16,1.8655671291053295,lrs
prismlike_rc3_3,robot_grid/prismlike_robot_grid_N3.lcgs,robot_grid/exist_path_to_targets_with_no_crashes_TRUE.json,32,1.1635337732732296,lrs
prismlike_rc4_1,robot_grid/prismlike_robot_grid_N4.lcgs,robot_grid/can_r1_and_r2_swap_with_help_from_r3_FALSE.json,1,542.8118763007224,lrs
prismlike_rc4_1,robot_grid/prismlike_robot_grid_N4.lcgs,robot_grid/can_r1_and_r2_swap_with_help_from_r3_FALSE.json,2,264.81934033334255,lrs
prismlike_rc4_1,robot_grid/prismlike_robot_grid_N4.lcgs,robot_grid/can_r1_and_r2_swap_with_help_from_r3_FALSE.json,4,134.56129625067115,lrs
prismlike_rc4_1,robot_grid/prismlike_robot_grid_N4.lcgs,robot_grid/can_r1_and_r2_swap_with_help_from_r3_FALSE.json,8,76.61780681833625,lrs
prismlike_rc4_1,robot_grid/prismlike_robot_grid_N4.lcgs,robot_grid/can_r1_and_r2_swap_with_help_from_r3_FALSE.json,16,48.95956458337605,lrs
prismlike_rc4_1,robot_grid/prismlike_robot_grid_N4.lcgs,robot_grid/can_r1_and_r2_swap_with_help_from_r3_FALSE.json,32,41.01781642995775,lrs
prismlike_rc4_2,robot_grid/prismlike_robot_grid_N4.lcgs,robot_grid/everyone_starts_home_TRUE.json,1,0.021660545840859413,lrs
prismlike_rc4_2,robot_grid/prismlike_robot_grid_N4.lcgs,robot_grid/everyone_starts_home_TRUE.json,2,0.023922543972730637,lrs
prismlike_rc4_2,robot_grid/prismlike_robot_grid_N4.lcgs,robot_grid/everyone_starts_home_TRUE.json,4,0.025060048326849937,lrs
prismlike_rc4_2,robot_grid/prismlike_robot_grid_N4.lcgs,robot_grid/everyone_starts_home_TRUE.json,8,0.01823640801012516,lrs
prismlike_rc4_2,robot_grid/prismlike_robot_grid_N4.lcgs,robot_grid/everyone_starts_home_TRUE.json,16,0.02860994078218937,lrs
prismlike_rc4_2,robot_grid/prismlike_robot_grid_N4.lcgs,robot_grid/everyone_starts_home_TRUE.json,32,0.0377010703086853,lrs
prismlike_rc4_3,robot_grid/prismlike_robot_grid_N4.lcgs,robot_grid/exist_path_to_targets_with_no_crashes_TRUE.json,1,1.839712981134653,lrs
prismlike_rc4_3,robot_grid/prismlike_robot_grid_N4.lcgs,robot_grid/exist_path_to_targets_with_no_crashes_TRUE.json,2,2.445583935827017,lrs
prismlike_rc4_3,robot_grid/prismlike_robot_grid_N4.lcgs,robot_grid/exist_path_to_targets_with_no_crashes_TRUE.json,4,60.58505344390869,lrs
prismlike_rc4_3,robot_grid/prismlike_robot_grid_N4.lcgs,robot_grid/exist_path_to_targets_with_no_crashes_TRUE.json,8,38.84255795367062,lrs
prismlike_rc4_3,robot_grid/prismlike_robot_grid_N4.lcgs,robot_grid/exist_path_to_targets_with_no_crashes_TRUE.json,16,22.210319751873612,lrs
prismlike_rc4_3,robot_grid/prismlike_robot_grid_N4.lcgs,robot_grid/exist_path_to_targets_with_no_crashes_TRUE.json,32,13.308381451293826,lrs
pa1_3proc,peterson/3/peterson_03.lcgs,peterson/p0_eventually_get_access_if_requested_TRUE.json,1,0.03966294601559639,lrs
pa1_3proc,peterson/3/peterson_03.lcgs,peterson/p0_eventually_get_access_if_requested_TRUE.json,2,0.05212493985891342,lrs
pa1_3proc,peterson/3/peterson_03.lcgs,peterson/p0_eventually_get_access_if_requested_TRUE.json,4,0.07093517296016216,lrs
pa1_3proc,peterson/3/peterson_03.lcgs,peterson/p0_eventually_get_access_if_requested_TRUE.json,8,0.08483518660068512,lrs
pa1_3proc,peterson/3/peterson_03.lcgs,peterson/p0_eventually_get_access_if_requested_TRUE.json,16,0.11421757377684116,lrs
pa1_3proc,peterson/3/peterson_03.lcgs,peterson/p0_eventually_get_access_if_requested_TRUE.json,32,0.18044066429138184,lrs
pa2_3proc,peterson/3/peterson_03.lcgs,peterson/p0_eventually_reach_CS_TRUE.json,1,0.03637531399726868,lrs
pa2_3proc,peterson/3/peterson_03.lcgs,peterson/p0_eventually_reach_CS_TRUE.json,2,0.04242729768157005,lrs
pa2_3proc,peterson/3/peterson_03.lcgs,peterson/p0_eventually_reach_CS_TRUE.json,4,0.04643823392689228,lrs
pa2_3proc,peterson/3/peterson_03.lcgs,peterson/p0_eventually_reach_CS_TRUE.json,8,0.046405090019106865,lrs
pa2_3proc,peterson/3/peterson_03.lcgs,peterson/p0_eventually_reach_CS_TRUE.json,16,0.048247845843434334,lrs
pa2_3proc,peterson/3/peterson_03.lcgs,peterson/p0_eventually_reach_CS_TRUE.json,32,0.05225622467696667,lrs
pa3_3proc,peterson/3/peterson_03.lcgs,peterson/3/ensure_mutual_exclusion_TRUE_03.json,1,0.03822287544608116,lrs
pa3_3proc,peterson/3/peterson_03.lcgs,peterson/3/ensure_mutual_exclusion_TRUE_03.json,2,0.04607228562235832,lrs
pa3_3proc,peterson/3/peterson_03.lcgs,peterson/3/ensure_mutual_exclusion_TRUE_03.json,4,0.06282339245080948,lrs
pa3_3proc,peterson/3/peterson_03.lcgs,peterson/3/ensure_mutual_exclusion_TRUE_03.json,8,0.07280660420656204,lrs
pa3_3proc,peterson/3/peterson_03.lcgs,peterson/3/ensure_mutual_exclusion_TRUE_03.json,16,0.11234774813055992,lrs
pa3_3proc,peterson/3/peterson_03.lcgs,peterson/3/ensure_mutual_exclusion_TRUE_03.json,32,0.17087631858885288,lrs
pa4_3proc,peterson/3/peterson_03.lcgs,peterson/3/multiple_in_CS_FALSE_03.json,1,0.035779718309640884,lrs
pa4_3proc,peterson/3/peterson_03.lcgs,peterson/3/multiple_in_CS_FALSE_03.json,2,0.04103918746113777,lrs
pa4_3proc,peterson/3/peterson_03.lcgs,peterson/3/multiple_in_CS_FALSE_03.json,4,0.04216323047876358,lrs
pa4_3proc,peterson/3/peterson_03.lcgs,peterson/3/multiple_in_CS_FALSE_03.json,8,0.05736448056995869,lrs
pa4_3proc,peterson/3/peterson_03.lcgs,peterson/3/multiple_in_CS_FALSE_03.json,16,0.061789724975824356,lrs
pa4_3proc,peterson/3/peterson_03.lcgs,peterson/3/multiple_in_CS_FALSE_03.json,32,0.1077633686363697,lrs
pa5_3proc,peterson/3/peterson_03.lcgs,peterson/3/never_reach_deadlock_TRUE_03.json,1,0.03265269659459591,lrs
pa5_3proc,peterson/3/peterson_03.lcgs,peterson/3/never_reach_deadlock_TRUE_03.json,2,0.038999902084469795,lrs
pa5_3proc,peterson/3/peterson_03.lcgs,peterson/3/never_reach_deadlock_TRUE_03.json,4,0.04223817214369774,lrs
pa5_3proc,peterson/3/peterson_03.lcgs,peterson/3/never_reach_deadlock_TRUE_03.json,8,0.042615981772542,lrs
pa5_3proc,peterson/3/peterson_03.lcgs,peterson/3/never_reach_deadlock_TRUE_03.json,16,0.04564636945724487,lrs
pa5_3proc,peterson/3/peterson_03.lcgs,peterson/3/never_reach_deadlock_TRUE_03.json,32,0.050742609426379204,lrs
pa1_4proc,peterson/4/peterson_04.lcgs,peterson/p0_eventually_get_access_if_requested_TRUE.json,1,0.04972412437200546,lrs
pa1_4proc,peterson/4/peterson_04.lcgs,peterson/p0_eventually_get_access_if_requested_TRUE.json,2,0.0670432522892952,lrs
pa1_4proc,peterson/4/peterson_04.lcgs,peterson/p0_eventually_get_access_if_requested_TRUE.json,4,0.09003603085875511,lrs
pa1_4proc,peterson/4/peterson_04.lcgs,peterson/p0_eventually_get_access_if_requested_TRUE.json,8,0.10632585361599922,lrs
pa1_4proc,peterson/4/peterson_04.lcgs,peterson/p0_eventually_get_access_if_requested_TRUE.json,16,0.1498968731611967,lrs
pa1_4proc,peterson/4/peterson_04.lcgs,peterson/p0_eventually_get_access_if_requested_TRUE.json,32,0.21917963214218616,lrs
pa2_4proc,peterson/4/peterson_04.lcgs,peterson/p0_eventually_reach_CS_TRUE.json,1,0.039411505684256554,lrs
pa2_4proc,peterson/4/peterson_04.lcgs,peterson/p0_eventually_reach_CS_TRUE.json,2,0.05117623321712017,lrs
pa2_4proc,peterson/4/peterson_04.lcgs,peterson/p0_eventually_reach_CS_TRUE.json,4,0.05587201751768589,lrs
pa2_4proc,peterson/4/peterson_04.lcgs,peterson/p0_eventually_reach_CS_TRUE.json,8,0.05799206718802452,lrs
pa2_4proc,peterson/4/peterson_04.lcgs,peterson/p0_eventually_reach_CS_TRUE.json,16,0.06625549122691154,lrs
pa2_4proc,peterson/4/peterson_04.lcgs,peterson/p0_eventually_reach_CS_TRUE.json,32,0.07153707183897495,lrs
pa3_4proc,peterson/4/peterson_04.lcgs,peterson/4/ensure_mutual_exclusion_TRUE_04.json,1,0.044399531558156013,lrs
pa3_4proc,peterson/4/peterson_04.lcgs,peterson/4/ensure_mutual_exclusion_TRUE_04.json,2,0.05779827572405338,lrs
pa3_4proc,peterson/4/peterson_04.lcgs,peterson/4/ensure_mutual_exclusion_TRUE_04.json,4,0.060299720615148544,lrs
pa3_4proc,peterson/4/peterson_04.lcgs,peterson/4/ensure_mutual_exclusion_TRUE_04.json,8,0.07620329782366753,lrs
pa3_4proc,peterson/4/peterson_04.lcgs,peterson/4/ensure_mutual_exclusion_TRUE_04.json,16,0.1105757374316454,lrs
pa3_4proc,peterson/4/peterson_04.lcgs,peterson/4/ensure_mutual_exclusion_TRUE_04.json,32,0.1747808400541544,lrs
pa4_4proc,peterson/4/peterson_04.lcgs,peterson/4/multiple_in_CS_FALSE_04.json,1,0.04268738441169262,lrs
pa4_4proc,peterson/4/peterson_04.lcgs,peterson/4/multiple_in_CS_FALSE_04.json,2,0.0514907818287611,lrs
pa4_4proc,peterson/4/peterson_04.lcgs,peterson/4/multiple_in_CS_FALSE_04.json,4,0.05269560217857361,lrs
pa4_4proc,peterson/4/peterson_04.lcgs,peterson/4/multiple_in_CS_FALSE_04.json,8,0.0648127868771553,lrs
pa4_4proc,peterson/4/peterson_04.lcgs,peterson/4/multiple_in_CS_FALSE_04.json,16,0.08599141985177994,lrs
pa4_4proc,peterson/4/peterson_04.lcgs,peterson/4/multiple_in_CS_FALSE_04.json,32,0.11636528931558132,lrs
pa5_4proc,peterson/4/peterson_04.lcgs,peterson/4/never_reach_deadlock_TRUE_04.json,1,0.039690786972641945,lrs
pa5_4proc,peterson/4/peterson_04.lcgs,peterson/4/never_reach_deadlock_TRUE_04.json,2,0.04428434744477272,lrs
pa5_4proc,peterson/4/peterson_04.lcgs,peterson/4/never_reach_deadlock_TRUE_04.json,4,0.04732472263276577,lrs
pa5_4proc,peterson/4/peterson_04.lcgs,peterson/4/never_reach_deadlock_TRUE_04.json,8,0.05226961150765419,lrs
pa5_4proc,peterson/4/peterson_04.lcgs,peterson/4/never_reach_deadlock_TRUE_04.json,16,0.056514227762818336,lrs
pa5_4proc,peterson/4/peterson_04.lcgs,peterson/4/never_reach_deadlock_TRUE_04.json,32,0.06578286923468113,lrs
gg4_circular1,gossipping_girls/gossipping_girls_circular_4p.lcgs,gossipping_girls/p1234_ensure_that_p1234_gets_omniscient_before_10_steps_TRUE.json,1,0.31767494417726994,lrs
gg4_circular1,gossipping_girls/gossipping_girls_circular_4p.lcgs,gossipping_girls/p1234_ensure_that_p1234_gets_omniscient_before_10_steps_TRUE.json,2,0.25413922779262066,lrs
gg4_circular1,gossipping_girls/gossipping_girls_circular_4p.lcgs,gossipping_girls/p1234_ensure_that_p1234_gets_omniscient_before_10_steps_TRUE.json,4,0.11915521882474422,lrs
gg4_circular1,gossipping_girls/gossipping_girls_circular_4p.lcgs,gossipping_girls/p1234_ensure_that_p1234_gets_omniscient_before_10_steps_TRUE.json,8,0.10874207317829132,lrs
gg4_circular1,gossipping_girls/gossipping_girls_circular_4p.lcgs,gossipping_girls/p1234_ensure_that_p1234_gets_omniscient_before_10_steps_TRUE.json,16,0.05970299243927002,lrs
gg4_circular1,gossipping_girls/gossipping_girls_circular_4p.lcgs,gossipping_girls/p1234_ensure_that_p1234_gets_omniscient_before_10_steps_TRUE.json,32,0.07676779478788376,lrs
gg4_circular2,gossipping_girls/gossipping_girls_circular_4p.lcgs,gossipping_girls/p1234_ensure_that_only_p1_gets_omniscient_before_10_steps_TRUE.json,1,0.5196934342384338,lrs
gg4_circular2,gossipping_girls/gossipping_girls_circular_4p.lcgs,gossipping_girls/p1234_ensure_that_only_p1_gets_omniscient_before_10_steps_TRUE.json,2,0.5117439068853855,lrs
gg4_circular2,gossipping_girls/gossipping_girls_circular_4p.lcgs,gossipping_girls/p1234_ensure_that_only_p1_gets_omniscient_before_10_steps_TRUE.json,4,0.30232744105160236,lrs
gg4_circular2,gossipping_girls/gossipping_girls_circular_4p.lcgs,gossipping_girls/p1234_ensure_that_only_p1_gets_omniscient_before_10_steps_TRUE.json,8,0.20950756035745144,lrs
gg4_circular2,gossipping_girls/gossipping_girls_circular_4p.lcgs,gossipping_girls/p1234_ensure_that_only_p1_gets_omniscient_before_10_steps_TRUE.json,16,0.15852713584899902,lrs
gg4_circular2,gossipping_girls/gossipping_girls_circular_4p.lcgs,gossipping_girls/p1234_ensure_that_only_p1_gets_omniscient_before_10_steps_TRUE.json,32,0.1366461906582117,lrs
gg4_circular3,gossipping_girls/gossipping_girls_circular_4p.lcgs,gossipping_girls/p1234_ensure_p1_gets_omniscient_before_10_steps_TRUE.json,1,0.20281903818249702,lrs
gg4_circular3,gossipping_girls/gossipping_girls_circular_4p.lcgs,gossipping_girls/p1234_ensure_p1_gets_omniscient_before_10_steps_TRUE.json,2,0.05624597333371639,lrs
gg4_circular3,gossipping_girls/gossipping_girls_circular_4p.lcgs,gossipping_girls/p1234_ensure_p1_gets_omniscient_before_10_steps_TRUE.json,4,0.03858640789985657,lrs
gg4_circular3,gossipping_girls/gossipping_girls_circular_4p.lcgs,gossipping_girls/p1234_ensure_p1_gets_omniscient_before_10_steps_TRUE.json,8,0.04613018408417702,lrs
gg4_circular3,gossipping_girls/gossipping_girls_circular_4p.lcgs,gossipping_girls/p1234_ensure_p1_gets_omniscient_before_10_steps_TRUE.json,16,0.04936748370528221,lrs
gg4_circular3,gossipping_girls/gossipping_girls_circular_4p.lcgs,gossipping_girls/p1234_ensure_p1_gets_omniscient_before_10_steps_TRUE.json,32,0.049235936254262924,lrs
gg4_circular4,gossipping_girls/gossipping_girls_circular_4p.lcgs,gossipping_girls/p1234_omniscient_but_first_after_10_steps_TRUE.json,1,0.592699009925127,lrs
gg4_circular4,gossipping_girls/gossipping_girls_circular_4p.lcgs,gossipping_girls/p1234_omniscient_but_first_after_10_steps_TRUE.json,2,0.4579378738999367,lrs
gg4_circular4,gossipping_girls/gossipping_girls_circular_4p.lcgs,gossipping_girls/p1234_omniscient_but_first_after_10_steps_TRUE.json,4,0.2332455925643444,lrs
gg4_circular4,gossipping_girls/gossipping_girls_circular_4p.lcgs,gossipping_girls/p1234_omniscient_but_first_after_10_steps_TRUE.json,8,0.17294897697865963,lrs
gg4_circular4,gossipping_girls/gossipping_girls_circular_4p.lcgs,gossipping_girls/p1234_omniscient_but_first_after_10_steps_TRUE.json,16,0.08863263390958309,lrs
gg4_circular4,gossipping_girls/gossipping_girls_circular_4p.lcgs,gossipping_girls/p1234_omniscient_but_first_after_10_steps_TRUE.json,32,0.08026177622377872,lrs
gg4_circular5,gossipping_girls/gossipping_girls_circular_4p.lcgs,gossipping_girls/eventually_10_steps_are_passed_TRUE.json,1,0.5988596435636282,lrs
gg4_circular5,gossipping_girls/gossipping_girls_circular_4p.lcgs,gossipping_girls/eventually_10_steps_are_passed_TRUE.json,2,0.3459778595715761,lrs
gg4_circular5,gossipping_girls/gossipping_girls_circular_4p.lcgs,gossipping_girls/eventually_10_steps_are_passed_TRUE.json,4,0.21057120896875858,lrs
gg4_circular5,gossipping_girls/gossipping_girls_circular_4p.lcgs,gossipping_girls/eventually_10_steps_are_passed_TRUE.json,8,0.14573839865624905,lrs
gg4_circular5,gossipping_girls/gossipping_girls_circular_4p.lcgs,gossipping_girls/eventually_10_steps_are_passed_TRUE.json,16,0.11255895718932152,lrs
gg4_circular5,gossipping_girls/gossipping_girls_circular_4p.lcgs,gossipping_girls/eventually_10_steps_are_passed_TRUE.json,32,0.09437381476163864,lrs
gg4_circular6,gossipping_girls/gossipping_girls_circular_4p.lcgs,gossipping_girls/p1_gurantee_omniscient_before_10_steps_FALSE.json,1,0.16476351395249367,lrs
gg4_circular6,gossipping_girls/gossipping_girls_circular_4p.lcgs,gossipping_girls/p1_gurantee_omniscient_before_10_steps_FALSE.json,2,0.180070323869586,lrs
gg4_circular6,gossipping_girls/gossipping_girls_circular_4p.lcgs,gossipping_girls/p1_gurantee_omniscient_before_10_steps_FALSE.json,4,0.08493307791650295,lrs
gg4_circular6,gossipping_girls/gossipping_girls_circular_4p.lcgs,gossipping_girls/p1_gurantee_omniscient_before_10_steps_FALSE.json,8,0.09145923890173435,lrs
gg4_circular6,gossipping_girls/gossipping_girls_circular_4p.lcgs,gossipping_girls/p1_gurantee_omniscient_before_10_steps_FALSE.json,16,0.07521764002740383,lrs
gg4_circular6,gossipping_girls/gossipping_girls_circular_4p.lcgs,gossipping_girls/p1_gurantee_omniscient_before_10_steps_FALSE.json,32,0.07811972871422768,lrs
gg4_circular7,gossipping_girls/gossipping_girls_circular_4p.lcgs,gossipping_girls/p234_eventually_omniscient_without_p1_TRUE.json,1,0.31072593107819557,lrs
gg4_circular7,gossipping_girls/gossipping_girls_circular_4p.lcgs,gossipping_girls/p234_eventually_omniscient_without_p1_TRUE.json,2,0.2639936078339815,lrs
gg4_circular7,gossipping_girls/gossipping_girls_circular_4p.lcgs,gossipping_girls/p234_eventually_omniscient_without_p1_TRUE.json,4,0.16241031140089035,lrs
gg4_circular7,gossipping_girls/gossipping_girls_circular_4p.lcgs,gossipping_girls/p234_eventually_omniscient_without_p1_TRUE.json,8,0.1241987980902195,lrs
gg4_circular7,gossipping_girls/gossipping_girls_circular_4p.lcgs,gossipping_girls/p234_eventually_omniscient_without_p1_TRUE.json,16,0.08355038799345493,lrs
gg4_circular7,gossipping_girls/gossipping_girls_circular_4p.lcgs,gossipping_girls/p234_eventually_omniscient_without_p1_TRUE.json,32,0.07651427015662193,lrs
gg4_total1,gossipping_girls/gossipping_girls_total_network_4p.lcgs,gossipping_girls/p1234_ensure_that_p1234_gets_omniscient_before_10_steps_TRUE.json,1,23.197705635800958,lrs
gg4_total1,gossipping_girls/gossipping_girls_total_network_4p.lcgs,gossipping_girls/p1234_ensure_that_p1234_gets_omniscient_before_10_steps_TRUE.json,2,15.60939072817564,lrs
gg4_total1,gossipping_girls/gossipping_girls_total_network_4p.lcgs,gossipping_girls/p1234_ensure_that_p1234_gets_omniscient_before_10_steps_TRUE.json,4,11.483160182833672,lrs
gg4_total1,gossipping_girls/gossipping_girls_total_network_4p.lcgs,gossipping_girls/p1234_ensure_that_p1234_gets_omniscient_before_10_steps_TRUE.json,8,6.3759540896862745,lrs
gg4_total1,gossipping_girls/gossipping_girls_total_network_4p.lcgs,gossipping_girls/p1234_ensure_that_p1234_gets_omniscient_before_10_steps_TRUE.json,16,3.1280693281441927,lrs
gg4_total1,gossipping_girls/gossipping_girls_total_network_4p.lcgs,gossipping_girls/p1234_ensure_that_p1234_gets_omniscient_before_10_steps_TRUE.json,32,0.8374090325087309,lrs
gg4_total2,gossipping_girls/gossipping_girls_total_network_4p.lcgs,gossipping_girls/p1234_ensure_that_only_p1_gets_omniscient_before_10_steps_TRUE.json,1,4.3598509188741446,lrs
gg4_total2,gossipping_girls/gossipping_girls_total_network_4p.lcgs,gossipping_girls/p1234_ensure_that_only_p1_gets_omniscient_before_10_steps_TRUE.json,2,12.24290961585939,lrs
gg4_total2,gossipping_girls/gossipping_girls_total_network_4p.lcgs,gossipping_girls/p1234_ensure_that_only_p1_gets_omniscient_before_10_steps_TRUE.json,4,8.053874973207712,lrs
gg4_total2,gossipping_girls/gossipping_girls_total_network_4p.lcgs,gossipping_girls/p1234_ensure_that_only_p1_gets_omniscient_before_10_steps_TRUE.json,8,2.3863062653690577,lrs
gg4_total2,gossipping_girls/gossipping_girls_total_network_4p.lcgs,gossipping_girls/p1234_ensure_that_only_p1_gets_omniscient_before_10_steps_TRUE.json,16,1.38892706297338,lrs
gg4_total2,gossipping_girls/gossipping_girls_total_network_4p.lcgs,gossipping_girls/p1234_ensure_that_only_p1_gets_omniscient_before_10_steps_TRUE.json,32,0.9213733915239573,lrs
gg4_total3,gossipping_girls/gossipping_girls_total_network_4p.lcgs,gossipping_girls/p1234_ensure_p1_gets_omniscient_before_10_steps_TRUE.json,1,4.099818836897612,lrs
gg4_total3,gossipping_girls/gossipping_girls_total_network_4p.lcgs,gossipping_girls/p1234_ensure_p1_gets_omniscient_before_10_steps_TRUE.json,2,2.0776332318782806,lrs
gg4_total3,gossipping_girls/gossipping_girls_total_network_4p.lcgs,gossipping_girls/p1234_ensure_p1_gets_omniscient_before_10_steps_TRUE.json,4,1.4644627403467894,lrs
gg4_total3,gossipping_girls/gossipping_girls_total_network_4p.lcgs,gossipping_girls/p1234_ensure_p1_gets_omniscient_before_10_steps_TRUE.json,8,0.704981928691268,lrs
gg4_total3,gossipping_girls/gossipping_girls_total_network_4p.lcgs,gossipping_girls/p1234_ensure_p1_gets_omniscient_before_10_steps_TRUE.json,16,0.4025340937077999,lrs
gg4_total3,gossipping_girls/gossipping_girls_total_network_4p.lcgs,gossipping_girls/p1234_ensure_p1_gets_omniscient_before_10_steps_TRUE.json,32,0.1729194801300764,lrs
gg4_total4,gossipping_girls/gossipping_girls_total_network_4p.lcgs,gossipping_girls/p1234_omniscient_but_first_after_10_steps_TRUE.json,1,46.316255079582334,lrs
gg4_total4,gossipping_girls/gossipping_girls_total_network_4p.lcgs,gossipping_girls/p1234_omniscient_but_first_after_10_steps_TRUE.json,2,25.440450251102448,lrs
gg4_total4,gossipping_girls/gossipping_girls_total_network_4p.lcgs,gossipping_girls/p1234_omniscient_but_first_after_10_steps_TRUE.json,4,13.835191478952765,lrs
gg4_total4,gossipping_girls/gossipping_girls_total_network_4p.lcgs,gossipping_girls/p1234_omniscient_but_first_after_10_steps_TRUE.json,8,6.972050245851278,lrs
gg4_total4,gossipping_girls/gossipping_girls_total_network_4p.lcgs,gossipping_girls/p1234_omniscient_but_first_after_10_steps_TRUE.json,16,3.019596552476287,lrs
gg4_total4,gossipping_girls/gossipping_girls_total_network_4p.lcgs,gossipping_girls/p1234_omniscient_but_first_after_10_steps_TRUE.json,32,1.8134261313825846,lrs
gg4_total5,gossipping_girls/gossipping_girls_total_network_4p.lcgs,gossipping_girls/eventually_10_steps_are_passed_TRUE.json,1,42.17470741644502,lrs
gg4_total5,gossipping_girls/gossipping_girls_total_network_4p.lcgs,gossipping_girls/eventually_10_steps_are_passed_TRUE.json,2,20.48399005830288,lrs
gg4_total5,gossipping_girls/gossipping_girls_total_network_4p.lcgs,gossipping_girls/eventually_10_steps_are_passed_TRUE.json,4,10.356273461133242,lrs
gg4_total5,gossipping_girls/gossipping_girls_total_network_4p.lcgs,gossipping_girls/eventually_10_steps_are_passed_TRUE.json,8,5.469681644812226,lrs
gg4_total5,gossipping_girls/gossipping_girls_total_network_4p.lcgs,gossipping_girls/eventually_10_steps_are_passed_TRUE.json,16,2.9073704853653908,lrs
gg4_total5,gossipping_girls/gossipping_girls_total_network_4p.lcgs,gossipping_girls/eventually_10_steps_are_passed_TRUE.json,32,1.7317887395620346,lrs
gg4_total6,gossipping_girls/gossipping_girls_total_network_4p.lcgs,gossipping_girls/p1_gurantee_omniscient_before_10_steps_FALSE.json,1,7.3119306694716215,lrs
gg4_total6,gossipping_girls/gossipping_girls_total_network_4p.lcgs,gossipping_girls/p1_gurantee_omniscient_before_10_steps_FALSE.json,2,4.341050334274769,lrs
gg4_total6,gossipping_girls/gossipping_girls_total_network_4p.lcgs,gossipping_girls/p1_gurantee_omniscient_before_10_steps_FALSE.json,4,3.157568981871009,lrs
gg4_total6,gossipping_girls/gossipping_girls_total_network_4p.lcgs,gossipping_girls/p1_gurantee_omniscient_before_10_steps_FALSE.json,8,1.417851846665144,lrs
gg4_total6,gossipping_girls/gossipping_girls_total_network_4p.lcgs,gossipping_girls/p1_gurantee_omniscient_before_10_steps_FALSE.json,16,0.9296297654509544,lrs
gg4_total6,gossipping_girls/gossipping_girls_total_network_4p.lcgs,gossipping_girls/p1_gurantee_omniscient_before_10_steps_FALSE.json,32,0.5738363564014435,lrs
gg4_total7,gossipping_girls/gossipping_girls_total_network_4p.lcgs,gossipping_girls/p234_eventually_omniscient_without_p1_TRUE.json,1,48.772475712001324,lrs
gg4_total7,gossipping_girls/gossipping_girls_total_network_4p.lcgs,gossipping_girls/p234_eventually_omniscient_without_p1_TRUE.json,2,25.236044539138675,lrs
gg4_total7,gossipping_girls/gossipping_girls_total_network_4p.lcgs,gossipping_girls/p234_eventually_omniscient_without_p1_TRUE.json,4,12.62267380207777,lrs
gg4_total7,gossipping_girls/gossipping_girls_total_network_4p.lcgs,gossipping_girls/p234_eventually_omniscient_without_p1_TRUE.json,8,6.788547473028302,lrs
gg4_total7,gossipping_girls/gossipping_girls_total_network_4p.lcgs,gossipping_girls/p234_eventually_omniscient_without_p1_TRUE.json,16,3.9810764119029045,lrs
gg4_total7,gossipping_girls/gossipping_girls_total_network_4p.lcgs,gossipping_girls/p234_eventually_omniscient_without_p1_TRUE.json,32,2.558714460581541,lrs
rps1,rock_paper_scissors/rock_paper_scissors.lcgs,rock_paper_scissors/p1_never_lose_FALSE.json,1,0.01886921189725399,lrs
rps1,rock_paper_scissors/rock_paper_scissors.lcgs,rock_paper_scissors/p1_never_lose_FALSE.json,2,0.023429250344634056,lrs
rps1,rock_paper_scissors/rock_paper_scissors.lcgs,rock_paper_scissors/p1_never_lose_FALSE.json,4,0.02571224793791771,lrs
rps1,rock_paper_scissors/rock_paper_scissors.lcgs,rock_paper_scissors/p1_never_lose_FALSE.json,8,0.026707936078310013,lrs
rps1,rock_paper_scissors/rock_paper_scissors.lcgs,rock_paper_scissors/p1_never_lose_FALSE.json,16,0.02915726602077484,lrs
rps1,rock_paper_scissors/rock_paper_scissors.lcgs,rock_paper_scissors/p1_never_lose_FALSE.json,32,0.0273525919765234,lrs
rps2,rock_paper_scissors/rock_paper_scissors.lcgs,rock_paper_scissors/p1_can_win_eventually_FALSE.json,1,0.0185397956520319,lrs
rps2,rock_paper_scissors/rock_paper_scissors.lcgs,rock_paper_scissors/p1_can_win_eventually_FALSE.json,2,0.02212165668606758,lrs
rps2,rock_paper_scissors/rock_paper_scissors.lcgs,rock_paper_scissors/p1_can_win_eventually_FALSE.json,4,0.02395188808441162,lrs
rps2,rock_paper_scissors/rock_paper_scissors.lcgs,rock_paper_scissors/p1_can_win_eventually_FALSE.json,8,0.03667197935283184,lrs
rps2,rock_paper_scissors/rock_paper_scissors.lcgs,rock_paper_scissors/p1_can_win_eventually_FALSE.json,16,0.04476338066160679,lrs
rps2,rock_paper_scissors/rock_paper_scissors.lcgs,rock_paper_scissors/p1_can_win_eventually_FALSE.json,32,0.07235412299633026,lrs
mp1,matching_pennies/matching_pennies_game.lcgs,matching_pennies/can_odd_win_round_eventually_FALSE.json,1,0.03405327908694744,lrs
mp1,matching_pennies/matching_pennies_game.lcgs,matching_pennies/can_odd_win_round_eventually_FALSE.json,2,0.048902058973908424,lrs
mp1,matching_pennies/matching_pennies_game.lcgs,matching_pennies/can_odd_win_round_eventually_FALSE.json,4,0.05311624892055988,lrs
mp1,matching_pennies/matching_pennies_game.lcgs,matching_pennies/can_odd_win_round_eventually_FALSE.json,8,0.06348027102649212,lrs
mp1,matching_pennies/matching_pennies_game.lcgs,matching_pennies/can_odd_win_round_eventually_FALSE.json,16,0.07546270824968815,lrs
mp1,matching_pennies/matching_pennies_game.lcgs,matching_pennies/can_odd_win_round_eventually_FALSE.json,32,0.09866834990680218,lrs
mp2,matching_pennies/matching_pennies_game.lcgs,matching_pennies/can_they_guarantee_that_odd_always_has_larger_sum_TRUE.json,1,0.04042724519968033,lrs
mp2,matching_pennies/matching_pennies_game.lcgs,matching_pennies/can_they_guarantee_that_odd_always_has_larger_sum_TRUE.json,2,0.07325193285942078,lrs
mp2,matching_pennies/matching_pennies_game.lcgs,matching_pennies/can_they_guarantee_that_odd_always_has_larger_sum_TRUE.json,4,0.08175676316022873,lrs
mp2,matching_pennies/matching_pennies_game.lcgs,matching_pennies/can_they_guarantee_that_odd_always_has_larger_sum_TRUE.json,8,0.10011286661028862,lrs
mp2,matching_pennies/matching_pennies_game.lcgs,matching_pennies/can_they_guarantee_that_odd_always_has_larger_sum_TRUE.json,16,0.13357821479439735,lrs
mp2,matching_pennies/matching_pennies_game.lcgs,matching_pennies/can_they_guarantee_that_odd_always_has_larger_sum_TRUE.json,32,0.17860000021755695,lrs
mp3,matching_pennies/matching_pennies_game.lcgs,matching_pennies/can_they_win_simultaneously_FALSE.json,1,0.01709139160811901,lrs
mp3,matching_pennies/matching_pennies_game.lcgs,matching_pennies/can_they_win_simultaneously_FALSE.json,2,0.018387090414762497,lrs
mp3,matching_pennies/matching_pennies_game.lcgs,matching_pennies/can_they_win_simultaneously_FALSE.json,4,0.01913945935666561,lrs
mp3,matching_pennies/matching_pennies_game.lcgs,matching_pennies/can_they_win_simultaneously_FALSE.json,8,0.02138725481927395,lrs
mp3,matching_pennies/matching_pennies_game.lcgs,matching_pennies/can_they_win_simultaneously_FALSE.json,16,0.022649487480521202,lrs
mp3,matching_pennies/matching_pennies_game.lcgs,matching_pennies/can_they_win_simultaneously_FALSE.json,32,0.02761472389101982,lrs
gg5_circular1,gossipping_girls/gossipping_girls_circular_5p.lcgs,gossipping_girls/p12345_ensure_that_p12345_gets_omniscient_before_10_steps_TRUE.json,1,0.027293801307678223,lrs
gg5_circular1,gossipping_girls/gossipping_girls_circular_5p.lcgs,gossipping_girls/p12345_ensure_that_p12345_gets_omniscient_before_10_steps_TRUE.json,2,0.029997969046235085,lrs
gg5_circular1,gossipping_girls/gossipping_girls_circular_5p.lcgs,gossipping_girls/p12345_ensure_that_p12345_gets_omniscient_before_10_steps_TRUE.json,4,0.029438231140375137,lrs
gg5_circular1,gossipping_girls/gossipping_girls_circular_5p.lcgs,gossipping_girls/p12345_ensure_that_p12345_gets_omniscient_before_10_steps_TRUE.json,8,0.02952069602906704,lrs
gg5_circular1,gossipping_girls/gossipping_girls_circular_5p.lcgs,gossipping_girls/p12345_ensure_that_p12345_gets_omniscient_before_10_steps_TRUE.json,16,0.029445895925164223,lrs
gg5_circular1,gossipping_girls/gossipping_girls_circular_5p.lcgs,gossipping_girls/p12345_ensure_that_p12345_gets_omniscient_before_10_steps_TRUE.json,32,0.029025617986917496,lrs
gg5_circular2,gossipping_girls/gossipping_girls_circular_5p.lcgs,gossipping_girls/p12345_ensure_that_only_p1_gets_omniscient_before_10_steps_TRUE.json,1,0.030198276042938232,lrs
gg5_circular2,gossipping_girls/gossipping_girls_circular_5p.lcgs,gossipping_girls/p12345_ensure_that_only_p1_gets_omniscient_before_10_steps_TRUE.json,2,0.029572976753115654,lrs
gg5_circular2,gossipping_girls/gossipping_girls_circular_5p.lcgs,gossipping_girls/p12345_ensure_that_only_p1_gets_omniscient_before_10_steps_TRUE.json,4,0.029332533478736877,lrs
gg5_circular2,gossipping_girls/gossipping_girls_circular_5p.lcgs,gossipping_girls/p12345_ensure_that_only_p1_gets_omniscient_before_10_steps_TRUE.json,8,0.029318926855921745,lrs
gg5_circular2,gossipping_girls/gossipping_girls_circular_5p.lcgs,gossipping_girls/p12345_ensure_that_only_p1_gets_omniscient_before_10_steps_TRUE.json,16,0.029525816440582275,lrs
gg5_circular2,gossipping_girls/gossipping_girls_circular_5p.lcgs,gossipping_girls/p12345_ensure_that_only_p1_gets_omniscient_before_10_steps_TRUE.json,32,0.029143759980797768,lrs
gg5_circular3,gossipping_girls/gossipping_girls_circular_5p.lcgs,gossipping_girls/p12345_ensure_p1_gets_omniscient_before_10_steps_TRUE.json,1,0.028612064197659492,lrs
gg5_circular3,gossipping_girls/gossipping_girls_circular_5p.lcgs,gossipping_girls/p12345_ensure_p1_gets_omniscient_before_10_steps_TRUE.json,2,0.028967007994651794,lrs
gg5_circular3,gossipping_girls/gossipping_girls_circular_5p.lcgs,gossipping_girls/p12345_ensure_p1_gets_omniscient_before_10_steps_TRUE.json,4,0.028606101870536804,lrs
gg5_circular3,gossipping_girls/gossipping_girls_circular_5p.lcgs,gossipping_girls/p12345_ensure_p1_gets_omniscient_before_10_steps_TRUE.json,8,0.026895925402641296,lrs
gg5_circular3,gossipping_girls/gossipping_girls_circular_5p.lcgs,gossipping_girls/p12345_ensure_p1_gets_omniscient_before_10_steps_TRUE.json,16,0.030391449108719826,lrs
gg5_circular3,gossipping_girls/gossipping_girls_circular_5p.lcgs,gossipping_girls/p12345_ensure_p1_gets_omniscient_before_10_steps_TRUE.json,32,0.02953428216278553,lrs
gg5_circular4,gossipping_girls/gossipping_girls_circular_5p.lcgs,gossipping_girls/p12345_omniscient_but_first_after_10_steps_TRUE.json,1,0.029720040038228035,lrs
gg5_circular4,gossipping_girls/gossipping_girls_circular_5p.lcgs,gossipping_girls/p12345_omniscient_but_first_after_10_steps_TRUE.json,2,0.02845620922744274,lrs
gg5_circular4,gossipping_girls/gossipping_girls_circular_5p.lcgs,gossipping_girls/p12345_omniscient_but_first_after_10_steps_TRUE.json,4,0.028375007212162018,lrs
gg5_circular4,gossipping_girls/gossipping_girls_circular_5p.lcgs,gossipping_girls/p12345_omniscient_but_first_after_10_steps_TRUE.json,8,0.029131688177585602,lrs
gg5_circular4,gossipping_girls/gossipping_girls_circular_5p.lcgs,gossipping_girls/p12345_omniscient_but_first_after_10_steps_TRUE.json,16,0.029442358762025833,lrs
gg5_circular4,gossipping_girls/gossipping_girls_circular_5p.lcgs,gossipping_girls/p12345_omniscient_but_first_after_10_steps_TRUE.json,32,0.029591919854283333,lrs
gg5_circular5,gossipping_girls/gossipping_girls_circular_5p.lcgs,gossipping_girls/eventually_10_steps_are_passed_TRUE.json,1,10.276764564216137,lrs
gg5_circular5,gossipping_girls/gossipping_girls_circular_5p.lcgs,gossipping_girls/eventually_10_steps_are_passed_TRUE.json,2,5.198844134807587,lrs
gg5_circular5,gossipping_girls/gossipping_girls_circular_5p.lcgs,gossipping_girls/eventually_10_steps_are_passed_TRUE.json,4,2.6571037247776985,lrs
gg5_circular5,gossipping_girls/gossipping_girls_circular_5p.lcgs,gossipping_girls/eventually_10_steps_are_passed_TRUE.json,8,1.4149643816053867,lrs
gg5_circular5,gossipping_girls/gossipping_girls_circular_5p.lcgs,gossipping_girls/eventually_10_steps_are_passed_TRUE.json,16,0.7839005775749683,lrs
gg5_circular5,gossipping_girls/gossipping_girls_circular_5p.lcgs,gossipping_girls/eventually_10_steps_are_passed_TRUE.json,32,0.46170989982783794,lrs
gg5_circular6,gossipping_girls/gossipping_girls_circular_5p.lcgs,gossipping_girls/p1_gurantee_omniscient_before_10_steps_FALSE.json,1,0.66383964009583,lrs
gg5_circular6,gossipping_girls/gossipping_girls_circular_5p.lcgs,gossipping_girls/p1_gurantee_omniscient_before_10_steps_FALSE.json,2,0.6647479012608528,lrs
gg5_circular6,gossipping_girls/gossipping_girls_circular_5p.lcgs,gossipping_girls/p1_gurantee_omniscient_before_10_steps_FALSE.json,4,0.35619933903217316,lrs
gg5_circular6,gossipping_girls/gossipping_girls_circular_5p.lcgs,gossipping_girls/p1_gurantee_omniscient_before_10_steps_FALSE.json,8,0.481299202889204,lrs
gg5_circular6,gossipping_girls/gossipping_girls_circular_5p.lcgs,gossipping_girls/p1_gurantee_omniscient_before_10_steps_FALSE.json,16,0.20434952713549137,lrs
gg5_circular6,gossipping_girls/gossipping_girls_circular_5p.lcgs,gossipping_girls/p1_gurantee_omniscient_before_10_steps_FALSE.json,32,0.19687010161578655,lrs
gg5_circular7,gossipping_girls/gossipping_girls_circular_5p.lcgs,gossipping_girls/p2345_eventually_omniscient_without_p1_TRUE.json,1,0.02646857500076294,lrs
gg5_circular7,gossipping_girls/gossipping_girls_circular_5p.lcgs,gossipping_girls/p2345_eventually_omniscient_without_p1_TRUE.json,2,0.02961365319788456,lrs
gg5_circular7,gossipping_girls/gossipping_girls_circular_5p.lcgs,gossipping_girls/p2345_eventually_omniscient_without_p1_TRUE.json,4,0.02929435297846794,lrs
gg5_circular7,gossipping_girls/gossipping_girls_circular_5p.lcgs,gossipping_girls/p2345_eventually_omniscient_without_p1_TRUE.json,8,0.029258523136377335,lrs
gg5_circular7,gossipping_girls/gossipping_girls_circular_5p.lcgs,gossipping_girls/p2345_eventually_omniscient_without_p1_TRUE.json,16,0.02705005556344986,lrs
gg5_circular7,gossipping_girls/gossipping_girls_circular_5p.lcgs,gossipping_girls/p2345_eventually_omniscient_without_p1_TRUE.json,32,0.02954603172838688,lrs
gg5_total1,gossipping_girls/gossipping_girls_total_network_5p.lcgs,gossipping_girls/p12345_ensure_that_p12345_gets_omniscient_before_10_steps_TRUE.json,1,0.04523143917322159,lrs
gg5_total1,gossipping_girls/gossipping_girls_total_network_5p.lcgs,gossipping_girls/p12345_ensure_that_p12345_gets_omniscient_before_10_steps_TRUE.json,2,0.04506708309054375,lrs
gg5_total1,gossipping_girls/gossipping_girls_total_network_5p.lcgs,gossipping_girls/p12345_ensure_that_p12345_gets_omniscient_before_10_steps_TRUE.json,4,0.04552513174712658,lrs
gg5_total1,gossipping_girls/gossipping_girls_total_network_5p.lcgs,gossipping_girls/p12345_ensure_that_p12345_gets_omniscient_before_10_steps_TRUE.json,8,0.045174615457654,lrs
gg5_total1,gossipping_girls/gossipping_girls_total_network_5p.lcgs,gossipping_girls/p12345_ensure_that_p12345_gets_omniscient_before_10_steps_TRUE.json,16,0.045297594740986824,lrs
gg5_total1,gossipping_girls/gossipping_girls_total_network_5p.lcgs,gossipping_girls/p12345_ensure_that_p12345_gets_omniscient_before_10_steps_TRUE.json,32,0.044914426282048225,lrs
gg5_total2,gossipping_girls/gossipping_girls_total_network_5p.lcgs,gossipping_girls/p12345_ensure_that_only_p1_gets_omniscient_before_10_steps_TRUE.json,1,0.04491780325770378,lrs
gg5_total2,gossipping_girls/gossipping_girls_total_network_5p.lcgs,gossipping_girls/p12345_ensure_that_only_p1_gets_omniscient_before_10_steps_TRUE.json,2,0.04532041773200035,lrs
gg5_total2,gossipping_girls/gossipping_girls_total_network_5p.lcgs,gossipping_girls/p12345_ensure_that_only_p1_gets_omniscient_before_10_steps_TRUE.json,4,0.04460415244102478,lrs
gg5_total2,gossipping_girls/gossipping_girls_total_network_5p.lcgs,gossipping_girls/p12345_ensure_that_only_p1_gets_omniscient_before_10_steps_TRUE.json,8,0.045174432918429375,lrs
gg5_total2,gossipping_girls/gossipping_girls_total_network_5p.lcgs,gossipping_girls/p12345_ensure_that_only_p1_gets_omniscient_before_10_steps_TRUE.json,16,0.04540049843490124,lrs
gg5_total2,gossipping_girls/gossipping_girls_total_network_5p.lcgs,gossipping_girls/p12345_ensure_that_only_p1_gets_omniscient_before_10_steps_TRUE.json,32,0.04479697532951832,lrs
gg5_total3,gossipping_girls/gossipping_girls_total_network_5p.lcgs,gossipping_girls/p12345_ensure_p1_gets_omniscient_before_10_steps_TRUE.json,1,0.044738154858350754,lrs
gg5_total3,gossipping_girls/gossipping_girls_total_network_5p.lcgs,gossipping_girls/p12345_ensure_p1_gets_omniscient_before_10_steps_TRUE.json,2,0.04541643522679806,lrs
gg5_total3,gossipping_girls/gossipping_girls_total_network_5p.lcgs,gossipping_girls/p12345_ensure_p1_gets_omniscient_before_10_steps_TRUE.json,4,0.04569084011018276,lrs
gg5_total3,gossipping_girls/gossipping_girls_total_network_5p.lcgs,gossipping_girls/p12345_ensure_p1_gets_omniscient_before_10_steps_TRUE.json,8,0.04514027014374733,lrs
gg5_total3,gossipping_girls/gossipping_girls_total_network_5p.lcgs,gossipping_girls/p12345_ensure_p1_gets_omniscient_before_10_steps_TRUE.json,16,0.045059386640787125,lrs
gg5_total3,gossipping_girls/gossipping_girls_total_network_5p.lcgs,gossipping_girls/p12345_ensure_p1_gets_omniscient_before_10_steps_TRUE.json,32,0.045174894854426384,lrs
gg5_total4,gossipping_girls/gossipping_girls_total_network_5p.lcgs,gossipping_girls/p12345_omniscient_but_first_after_10_steps_TRUE.json,1,0.044761015102267265,lrs
gg5_total4,gossipping_girls/gossipping_girls_total_network_5p.lcgs,gossipping_girls/p12345_omniscient_but_first_after_10_steps_TRUE.json,2,0.044947827234864235,lrs
gg5_total4,gossipping_girls/gossipping_girls_total_network_5p.lcgs,gossipping_girls/p12345_omniscient_but_first_after_10_steps_TRUE.json,4,0.04496172443032265,lrs
gg5_total4,gossipping_girls/gossipping_girls_total_network_5p.lcgs,gossipping_girls/p12345_omniscient_but_first_after_10_steps_TRUE.json,8,0.045383984223008156,lrs
gg5_total4,gossipping_girls/gossipping_girls_total_network_5p.lcgs,gossipping_girls/p12345_omniscient_but_first_after_10_steps_TRUE.json,16,0.04511016234755516,lrs
gg5_total4,gossipping_girls/gossipping_girls_total_network_5p.lcgs,gossipping_girls/p12345_omniscient_but_first_after_10_steps_TRUE.json,32,0.04259660094976425,lrs
gg5_total5,gossipping_girls/gossipping_girls_total_network_5p.lcgs,gossipping_girls/eventually_10_steps_are_passed_TRUE.json,2,5562.969518024474,lrs
gg5_total5,gossipping_girls/gossipping_girls_total_network_5p.lcgs,gossipping_girls/eventually_10_steps_are_passed_TRUE.json,4,2741.5569929052144,lrs
gg5_total5,gossipping_girls/gossipping_girls_total_network_5p.lcgs,gossipping_girls/eventually_10_steps_are_passed_TRUE.json,8,1365.9792551621795,lrs
gg5_total5,gossipping_girls/gossipping_girls_total_network_5p.lcgs,gossipping_girls/eventually_10_steps_are_passed_TRUE.json,16,676.0565439239144,lrs
gg5_total5,gossipping_girls/gossipping_girls_total_network_5p.lcgs,gossipping_girls/eventually_10_steps_are_passed_TRUE.json,32,341.8845629412681,lrs
gg5_total6,gossipping_girls/gossipping_girls_total_network_5p.lcgs,gossipping_girls/p1_gurantee_omniscient_before_10_steps_FALSE.json,1,451.16039395332336,lrs
gg5_total6,gossipping_girls/gossipping_girls_total_network_5p.lcgs,gossipping_girls/p1_gurantee_omniscient_before_10_steps_FALSE.json,2,259.147926133126,lrs
gg5_total6,gossipping_girls/gossipping_girls_total_network_5p.lcgs,gossipping_girls/p1_gurantee_omniscient_before_10_steps_FALSE.json,4,458.9279484078288,lrs
gg5_total6,gossipping_girls/gossipping_girls_total_network_5p.lcgs,gossipping_girls/p1_gurantee_omniscient_before_10_steps_FALSE.json,8,169.5351204033941,lrs
gg5_total6,gossipping_girls/gossipping_girls_total_network_5p.lcgs,gossipping_girls/p1_gurantee_omniscient_before_10_steps_FALSE.json,16,106.54502155818045,lrs
gg5_total6,gossipping_girls/gossipping_girls_total_network_5p.lcgs,gossipping_girls/p1_gurantee_omniscient_before_10_steps_FALSE.json,32,49.20586319826543,lrs
gg5_total7,gossipping_girls/gossipping_girls_total_network_5p.lcgs,gossipping_girls/p2345_eventually_omniscient_without_p1_TRUE.json,1,0.04649902135133743,lrs
gg5_total7,gossipping_girls/gossipping_girls_total_network_5p.lcgs,gossipping_girls/p2345_eventually_omniscient_without_p1_TRUE.json,2,0.038486676290631294,lrs
gg5_total7,gossipping_girls/gossipping_girls_total_network_5p.lcgs,gossipping_girls/p2345_eventually_omniscient_without_p1_TRUE.json,4,0.04648228734731674,lrs
gg5_total7,gossipping_girls/gossipping_girls_total_network_5p.lcgs,gossipping_girls/p2345_eventually_omniscient_without_p1_TRUE.json,8,0.04532937705516815,lrs
gg5_total7,gossipping_girls/gossipping_girls_total_network_5p.lcgs,gossipping_girls/p2345_eventually_omniscient_without_p1_TRUE.json,16,0.04720301926136017,lrs
gg5_total7,gossipping_girls/gossipping_girls_total_network_5p.lcgs,gossipping_girls/p2345_eventually_omniscient_without_p1_TRUE.json,32,0.04285811632871628,lrs
prismlike_rc5_1,robot_grid/prismlike_robot_grid_N5.lcgs,robot_grid/can_r1_and_r2_swap_with_help_from_r3_FALSE.json,1,5339.528590915725,lrs
prismlike_rc5_1,robot_grid/prismlike_robot_grid_N5.lcgs,robot_grid/can_r1_and_r2_swap_with_help_from_r3_FALSE.json,2,2647.425034066662,lrs
prismlike_rc5_1,robot_grid/prismlike_robot_grid_N5.lcgs,robot_grid/can_r1_and_r2_swap_with_help_from_r3_FALSE.json,4,1336.9303176756948,lrs
prismlike_rc5_1,robot_grid/prismlike_robot_grid_N5.lcgs,robot_grid/can_r1_and_r2_swap_with_help_from_r3_FALSE.json,8,695.6572336032987,lrs
prismlike_rc5_1,robot_grid/prismlike_robot_grid_N5.lcgs,robot_grid/can_r1_and_r2_swap_with_help_from_r3_FALSE.json,16,389.2587448656559,lrs
prismlike_rc5_1,robot_grid/prismlike_robot_grid_N5.lcgs,robot_grid/can_r1_and_r2_swap_with_help_from_r3_FALSE.json,32,310.2637269105762,lrs
prismlike_rc5_2,robot_grid/prismlike_robot_grid_N5.lcgs,robot_grid/everyone_starts_home_TRUE.json,1,0.018736984580755234,lrs
prismlike_rc5_2,robot_grid/prismlike_robot_grid_N5.lcgs,robot_grid/everyone_starts_home_TRUE.json,2,0.023380175232887268,lrs
prismlike_rc5_2,robot_grid/prismlike_robot_grid_N5.lcgs,robot_grid/everyone_starts_home_TRUE.json,4,0.02455567754805088,lrs
prismlike_rc5_2,robot_grid/prismlike_robot_grid_N5.lcgs,robot_grid/everyone_starts_home_TRUE.json,8,0.018734680488705635,lrs
prismlike_rc5_2,robot_grid/prismlike_robot_grid_N5.lcgs,robot_grid/everyone_starts_home_TRUE.json,16,0.030633646994829178,lrs
prismlike_rc5_2,robot_grid/prismlike_robot_grid_N5.lcgs,robot_grid/everyone_starts_home_TRUE.json,32,0.03872204013168812,lrs
prismlike_rc5_3,robot_grid/prismlike_robot_grid_N5.lcgs,robot_grid/exist_path_to_targets_with_no_crashes_TRUE.json,1,2.5222920030355453,lrs
prismlike_rc5_3,robot_grid/prismlike_robot_grid_N5.lcgs,robot_grid/exist_path_to_targets_with_no_crashes_TRUE.json,2,47.694099156185985,lrs
prismlike_rc5_3,robot_grid/prismlike_robot_grid_N5.lcgs,robot_grid/exist_path_to_targets_with_no_crashes_TRUE.json,4,162.14273239299655,lrs
prismlike_rc5_3,robot_grid/prismlike_robot_grid_N5.lcgs,robot_grid/exist_path_to_targets_with_no_crashes_TRUE.json,8,148.45827524363995,lrs
prismlike_rc5_3,robot_grid/prismlike_robot_grid_N5.lcgs,robot_grid/exist_path_to_targets_with_no_crashes_TRUE.json,16,113.33629986457527,lrs
prismlike_rc5_3,robot_grid/prismlike_robot_grid_N5.lcgs,robot_grid/exist_path_to_targets_with_no_crashes_TRUE.json,32,55.25066324695945,lrs
gg6_circular1,gossipping_girls/gossipping_girls_circular_6p.lcgs,gossipping_girls/p123456_ensure_that_p123456_gets_omniscient_before_10_steps_TRUE.json,1,0.03257009759545326,lrs
gg6_circular1,gossipping_girls/gossipping_girls_circular_6p.lcgs,gossipping_girls/p123456_ensure_that_p123456_gets_omniscient_before_10_steps_TRUE.json,2,0.033004192635416985,lrs
gg6_circular1,gossipping_girls/gossipping_girls_circular_6p.lcgs,gossipping_girls/p123456_ensure_that_p123456_gets_omniscient_before_10_steps_TRUE.json,4,0.03229910880327225,lrs
gg6_circular1,gossipping_girls/gossipping_girls_circular_6p.lcgs,gossipping_girls/p123456_ensure_that_p123456_gets_omniscient_before_10_steps_TRUE.json,8,0.032577913254499435,lrs
gg6_circular1,gossipping_girls/gossipping_girls_circular_6p.lcgs,gossipping_girls/p123456_ensure_that_p123456_gets_omniscient_before_10_steps_TRUE.json,16,0.03244883939623833,lrs
gg6_circular1,gossipping_girls/gossipping_girls_circular_6p.lcgs,gossipping_girls/p123456_ensure_that_p123456_gets_omniscient_before_10_steps_TRUE.json,32,0.02577052265405655,lrs
gg6_circular2,gossipping_girls/gossipping_girls_circular_6p.lcgs,gossipping_girls/p123456_ensure_that_only_p1_gets_omniscient_before_10_steps_TRUE.json,1,0.03153113089501858,lrs
gg6_circular2,gossipping_girls/gossipping_girls_circular_6p.lcgs,gossipping_girls/p123456_ensure_that_only_p1_gets_omniscient_before_10_steps_TRUE.json,2,0.029777564108371735,lrs
gg6_circular2,gossipping_girls/gossipping_girls_circular_6p.lcgs,gossipping_girls/p123456_ensure_that_only_p1_gets_omniscient_before_10_steps_TRUE.json,4,0.03301120549440384,lrs
gg6_circular2,gossipping_girls/gossipping_girls_circular_6p.lcgs,gossipping_girls/p123456_ensure_that_only_p1_gets_omniscient_before_10_steps_TRUE.json,8,0.03228281997144222,lrs
gg6_circular2,gossipping_girls/gossipping_girls_circular_6p.lcgs,gossipping_girls/p123456_ensure_that_only_p1_gets_omniscient_before_10_steps_TRUE.json,16,0.032305363565683365,lrs
gg6_circular2,gossipping_girls/gossipping_girls_circular_6p.lcgs,gossipping_girls/p123456_ensure_that_only_p1_gets_omniscient_before_10_steps_TRUE.json,32,0.032347941771149635,lrs
gg6_circular3,gossipping_girls/gossipping_girls_circular_6p.lcgs,gossipping_girls/p123456_ensure_p1_gets_omniscient_before_10_steps_TRUE.json,1,0.032220201566815376,lrs
gg6_circular3,gossipping_girls/gossipping_girls_circular_6p.lcgs,gossipping_girls/p123456_ensure_p1_gets_omniscient_before_10_steps_TRUE.json,2,0.03197383135557175,lrs
gg6_circular3,gossipping_girls/gossipping_girls_circular_6p.lcgs,gossipping_girls/p123456_ensure_p1_gets_omniscient_before_10_steps_TRUE.json,4,0.03169298358261585,lrs
gg6_circular3,gossipping_girls/gossipping_girls_circular_6p.lcgs,gossipping_girls/p123456_ensure_p1_gets_omniscient_before_10_steps_TRUE.json,8,0.03209335543215275,lrs
gg6_circular3,gossipping_girls/gossipping_girls_circular_6p.lcgs,gossipping_girls/p123456_ensure_p1_gets_omniscient_before_10_steps_TRUE.json,16,0.03197823092341423,lrs
gg6_circular3,gossipping_girls/gossipping_girls_circular_6p.lcgs,gossipping_girls/p123456_ensure_p1_gets_omniscient_before_10_steps_TRUE.json,32,0.0320783294737339,lrs
gg6_circular4,gossipping_girls/gossipping_girls_circular_6p.lcgs,gossipping_girls/p123456_omniscient_but_first_after_10_steps_TRUE.json,1,0.032419243827462196,lrs
gg6_circular4,gossipping_girls/gossipping_girls_circular_6p.lcgs,gossipping_girls/p123456_omniscient_but_first_after_10_steps_TRUE.json,2,0.03210010752081871,lrs
gg6_circular4,gossipping_girls/gossipping_girls_circular_6p.lcgs,gossipping_girls/p123456_omniscient_but_first_after_10_steps_TRUE.json,4,0.03189324028789997,lrs
gg6_circular4,gossipping_girls/gossipping_girls_circular_6p.lcgs,gossipping_girls/p123456_omniscient_but_first_after_10_steps_TRUE.json,8,0.032238906249403954,lrs
gg6_circular4,gossipping_girls/gossipping_girls_circular_6p.lcgs,gossipping_girls/p123456_omniscient_but_first_after_10_steps_TRUE.json,16,0.03204767033457756,lrs
gg6_circular4,gossipping_girls/gossipping_girls_circular_6p.lcgs,gossipping_girls/p123456_omniscient_but_first_after_10_steps_TRUE.json,32,0.03169066831469536,lrs
gg6_circular5,gossipping_girls/gossipping_girls_circular_6p.lcgs,gossipping_girls/eventually_10_steps_are_passed_TRUE.json,1,192.63101379945874,lrs
gg6_circular5,gossipping_girls/gossipping_girls_circular_6p.lcgs,gossipping_girls/eventually_10_steps_are_passed_TRUE.json,2,95.10663037933409,lrs
gg6_circular5,gossipping_girls/gossipping_girls_circular_6p.lcgs,gossipping_girls/eventually_10_steps_are_passed_TRUE.json,4,47.60060055926442,lrs
gg6_circular5,gossipping_girls/gossipping_girls_circular_6p.lcgs,gossipping_girls/eventually_10_steps_are_passed_TRUE.json,8,24.022002067416906,lrs
gg6_circular5,gossipping_girls/gossipping_girls_circular_6p.lcgs,gossipping_girls/eventually_10_steps_are_passed_TRUE.json,16,12.902633506804705,lrs
gg6_circular5,gossipping_girls/gossipping_girls_circular_6p.lcgs,gossipping_girls/eventually_10_steps_are_passed_TRUE.json,32,7.676311230286956,lrs
gg6_circular6,gossipping_girls/gossipping_girls_circular_6p.lcgs,gossipping_girls/p1_gurantee_omniscient_before_10_steps_FALSE.json,1,4.0277117639780045,lrs
gg6_circular6,gossipping_girls/gossipping_girls_circular_6p.lcgs,gossipping_girls/p1_gurantee_omniscient_before_10_steps_FALSE.json,2,2.9033893402665854,lrs
gg6_circular6,gossipping_girls/gossipping_girls_circular_6p.lcgs,gossipping_girls/p1_gurantee_omniscient_before_10_steps_FALSE.json,4,2.687491847202182,lrs
gg6_circular6,gossipping_girls/gossipping_girls_circular_6p.lcgs,gossipping_girls/p1_gurantee_omniscient_before_10_steps_FALSE.json,8,3.0956040117889643,lrs
gg6_circular6,gossipping_girls/gossipping_girls_circular_6p.lcgs,gossipping_girls/p1_gurantee_omniscient_before_10_steps_FALSE.json,16,2.4791700299829245,lrs
gg6_circular6,gossipping_girls/gossipping_girls_circular_6p.lcgs,gossipping_girls/p1_gurantee_omniscient_before_10_steps_FALSE.json,32,0.8984294962137938,lrs
gg6_circular7,gossipping_girls/gossipping_girls_circular_6p.lcgs,gossipping_girls/p23456_eventually_omniscient_without_p1_TRUE.json,1,0.024871330708265305,lrs
gg6_circular7,gossipping_girls/gossipping_girls_circular_6p.lcgs,gossipping_girls/p23456_eventually_omniscient_without_p1_TRUE.json,2,0.03164980188012123,lrs
gg6_circular7,gossipping_girls/gossipping_girls_circular_6p.lcgs,gossipping_girls/p23456_eventually_omniscient_without_p1_TRUE.json,4,0.031785858795046806,lrs
gg6_circular7,gossipping_girls/gossipping_girls_circular_6p.lcgs,gossipping_girls/p23456_eventually_omniscient_without_p1_TRUE.json,8,0.03262808546423912,lrs
gg6_circular7,gossipping_girls/gossipping_girls_circular_6p.lcgs,gossipping_girls/p23456_eventually_omniscient_without_p1_TRUE.json,16,0.03218492679297924,lrs
gg6_circular7,gossipping_girls/gossipping_girls_circular_6p.lcgs,gossipping_girls/p23456_eventually_omniscient_without_p1_TRUE.json,32,0.029307255521416664,lrs
gg6_total1,gossipping_girls/gossipping_girls_total_network_6p.lcgs,gossipping_girls/p123456_ensure_that_p123456_gets_omniscient_before_10_steps_TRUE.json,1,0.058405863121151924,lrs
gg6_total1,gossipping_girls/gossipping_girls_total_network_6p.lcgs,gossipping_girls/p123456_ensure_that_p123456_gets_omniscient_before_10_steps_TRUE.json,2,0.0566139854490757,lrs
gg6_total1,gossipping_girls/gossipping_girls_total_network_6p.lcgs,gossipping_girls/p123456_ensure_that_p123456_gets_omniscient_before_10_steps_TRUE.json,4,0.055812908336520195,lrs
gg6_total1,gossipping_girls/gossipping_girls_total_network_6p.lcgs,gossipping_girls/p123456_ensure_that_p123456_gets_omniscient_before_10_steps_TRUE.json,8,0.05748574249446392,lrs
gg6_total1,gossipping_girls/gossipping_girls_total_network_6p.lcgs,gossipping_girls/p123456_ensure_that_p123456_gets_omniscient_before_10_steps_TRUE.json,16,0.054662520065903664,lrs
gg6_total1,gossipping_girls/gossipping_girls_total_network_6p.lcgs,gossipping_girls/p123456_ensure_that_p123456_gets_omniscient_before_10_steps_TRUE.json,32,0.05621903948485851,lrs
gg6_total2,gossipping_girls/gossipping_girls_total_network_6p.lcgs,gossipping_girls/p123456_ensure_that_only_p1_gets_omniscient_before_10_steps_TRUE.json,1,0.05451367236673832,lrs
gg6_total2,gossipping_girls/gossipping_girls_total_network_6p.lcgs,gossipping_girls/p123456_ensure_that_only_p1_gets_omniscient_before_10_steps_TRUE.json,2,0.05684013292193413,lrs
gg6_total2,gossipping_girls/gossipping_girls_total_network_6p.lcgs,gossipping_girls/p123456_ensure_that_only_p1_gets_omniscient_before_10_steps_TRUE.json,4,0.056241460144519806,lrs
gg6_total2,gossipping_girls/gossipping_girls_total_network_6p.lcgs,gossipping_girls/p123456_ensure_that_only_p1_gets_omniscient_before_10_steps_TRUE.json,8,0.05793514475226402,lrs
gg6_total2,gossipping_girls/gossipping_girls_total_network_6p.lcgs,gossipping_girls/p123456_ensure_that_only_p1_gets_omniscient_before_10_steps_TRUE.json,16,0.0542316734790802,lrs
gg6_total2,gossipping_girls/gossipping_girls_total_network_6p.lcgs,gossipping_girls/p123456_ensure_that_only_p1_gets_omniscient_before_10_steps_TRUE.json,32,0.05389384180307388,lrs
gg6_total3,gossipping_girls/gossipping_girls_total_network_6p.lcgs,gossipping_girls/p123456_ensure_p1_gets_omniscient_before_10_steps_TRUE.json,1,0.05584821291267872,lrs
gg6_total3,gossipping_girls/gossipping_girls_total_network_6p.lcgs,gossipping_girls/p123456_ensure_p1_gets_omniscient_before_10_steps_TRUE.json,2,0.05646244436502457,lrs
gg6_total3,gossipping_girls/gossipping_girls_total_network_6p.lcgs,gossipping_girls/p123456_ensure_p1_gets_omniscient_before_10_steps_TRUE.json,4,0.05666828900575638,lrs
gg6_total3,gossipping_girls/gossipping_girls_total_network_6p.lcgs,gossipping_girls/p123456_ensure_p1_gets_omniscient_before_10_steps_TRUE.json,8,0.05642705783247948,lrs
gg6_total3,gossipping_girls/gossipping_girls_total_network_6p.lcgs,gossipping_girls/p123456_ensure_p1_gets_omniscient_before_10_steps_TRUE.json,16,0.05673748068511486,lrs
gg6_total3,gossipping_girls/gossipping_girls_total_network_6p.lcgs,gossipping_girls/p123456_ensure_p1_gets_omniscient_before_10_steps_TRUE.json,32,0.05629368685185909,lrs
gg6_total4,gossipping_girls/gossipping_girls_total_network_6p.lcgs,gossipping_girls/p123456_omniscient_but_first_after_10_steps_TRUE.json,1,0.05616367608308792,lrs
gg6_total4,gossipping_girls/gossipping_girls_total_network_6p.lcgs,gossipping_girls/p123456_omniscient_but_first_after_10_steps_TRUE.json,2,0.056511346250772476,lrs
gg6_total4,gossipping_girls/gossipping_girls_total_network_6p.lcgs,gossipping_girls/p123456_omniscient_but_first_after_10_steps_TRUE.json,4,0.05687461607158184,lrs
gg6_total4,gossipping_girls/gossipping_girls_total_network_6p.lcgs,gossipping_girls/p123456_omniscient_but_first_after_10_steps_TRUE.json,8,0.05783576890826225,lrs
gg6_total4,gossipping_girls/gossipping_girls_total_network_6p.lcgs,gossipping_girls/p123456_omniscient_but_first_after_10_steps_TRUE.json,16,0.05671180970966816,lrs
gg6_total4,gossipping_girls/gossipping_girls_total_network_6p.lcgs,gossipping_girls/p123456_omniscient_but_first_after_10_steps_TRUE.json,32,0.05409556068480015,lrs
prismlike_rc5_1,robot_grid/prismlike_robot_grid_N5.lcgs,robot_grid/can_r1_and_r2_swap_with_help_from_r3_FALSE.json,1,5217.535727225244,lrs
prismlike_rc5_1,robot_grid/prismlike_robot_grid_N5.lcgs,robot_grid/can_r1_and_r2_swap_with_help_from_r3_FALSE.json,2,2580.7317841481417,lrs
prismlike_rc5_1,robot_grid/prismlike_robot_grid_N5.lcgs,robot_grid/can_r1_and_r2_swap_with_help_from_r3_FALSE.json,4,1302.2086988128722,lrs
prismlike_rc5_1,robot_grid/prismlike_robot_grid_N5.lcgs,robot_grid/can_r1_and_r2_swap_with_help_from_r3_FALSE.json,8,687.0215419381857,lrs
prismlike_rc5_1,robot_grid/prismlike_robot_grid_N5.lcgs,robot_grid/can_r1_and_r2_swap_with_help_from_r3_FALSE.json,16,389.9728908725083,lrs
prismlike_rc5_1,robot_grid/prismlike_robot_grid_N5.lcgs,robot_grid/can_r1_and_r2_swap_with_help_from_r3_FALSE.json,32,306.49723369814456,lrs
prismlike_rc5_2,robot_grid/prismlike_robot_grid_N5.lcgs,robot_grid/everyone_starts_home_TRUE.json,1,0.019944826140999794,lrs
prismlike_rc5_2,robot_grid/prismlike_robot_grid_N5.lcgs,robot_grid/everyone_starts_home_TRUE.json,2,0.023403014987707138,lrs
prismlike_rc5_2,robot_grid/prismlike_robot_grid_N5.lcgs,robot_grid/everyone_starts_home_TRUE.json,4,0.02499777264893055,lrs
prismlike_rc5_2,robot_grid/prismlike_robot_grid_N5.lcgs,robot_grid/everyone_starts_home_TRUE.json,8,0.026312915608286858,lrs
prismlike_rc5_2,robot_grid/prismlike_robot_grid_N5.lcgs,robot_grid/everyone_starts_home_TRUE.json,16,0.03088652342557907,lrs
prismlike_rc5_2,robot_grid/prismlike_robot_grid_N5.lcgs,robot_grid/everyone_starts_home_TRUE.json,32,0.041881464421749115,lrs
prismlike_rc5_3,robot_grid/prismlike_robot_grid_N5.lcgs,robot_grid/exist_path_to_targets_with_no_crashes_TRUE.json,1,2.476225646212697,lrs
prismlike_rc5_3,robot_grid/prismlike_robot_grid_N5.lcgs,robot_grid/exist_path_to_targets_with_no_crashes_TRUE.json,2,60.98361648619175,lrs
prismlike_rc5_3,robot_grid/prismlike_robot_grid_N5.lcgs,robot_grid/exist_path_to_targets_with_no_crashes_TRUE.json,4,128.81867379881442,lrs
prismlike_rc5_3,robot_grid/prismlike_robot_grid_N5.lcgs,robot_grid/exist_path_to_targets_with_no_crashes_TRUE.json,8,154.82115376740694,lrs
prismlike_rc5_3,robot_grid/prismlike_robot_grid_N5.lcgs,robot_grid/exist_path_to_targets_with_no_crashes_TRUE.json,16,80.80522874929011,lrs
prismlike_rc5_3,robot_grid/prismlike_robot_grid_N5.lcgs,robot_grid/exist_path_to_targets_with_no_crashes_TRUE.json,32,55.025800444185734,lrs
prismlike_rc6_1,robot_grid/prismlike_robot_grid_N6.lcgs,robot_grid/can_r1_and_r2_swap_with_help_from_r3_FALSE.json,1,7200.0,lrs
prismlike_rc6_1,robot_grid/prismlike_robot_grid_N6.lcgs,robot_grid/can_r1_and_r2_swap_with_help_from_r3_FALSE.json,2,6607.280951101333,lrs
prismlike_rc6_1,robot_grid/prismlike_robot_grid_N6.lcgs,robot_grid/can_r1_and_r2_swap_with_help_from_r3_FALSE.json,4,6053.244915515184,lrs
prismlike_rc6_1,robot_grid/prismlike_robot_grid_N6.lcgs,robot_grid/can_r1_and_r2_swap_with_help_from_r3_FALSE.json,8,3179.8310027439147,lrs
prismlike_rc6_1,robot_grid/prismlike_robot_grid_N6.lcgs,robot_grid/can_r1_and_r2_swap_with_help_from_r3_FALSE.json,16,1470.5436437092721,lrs
prismlike_rc6_1,robot_grid/prismlike_robot_grid_N6.lcgs,robot_grid/can_r1_and_r2_swap_with_help_from_r3_FALSE.json,32,821.9684595130384,lrs
prismlike_rc6_2,robot_grid/prismlike_robot_grid_N6.lcgs,robot_grid/everyone_starts_home_TRUE.json,1,0.03328259289264679,lrs
prismlike_rc6_2,robot_grid/prismlike_robot_grid_N6.lcgs,robot_grid/everyone_starts_home_TRUE.json,2,0.021346980705857277,lrs
prismlike_rc6_2,robot_grid/prismlike_robot_grid_N6.lcgs,robot_grid/everyone_starts_home_TRUE.json,4,0.02411717176437378,lrs
prismlike_rc6_2,robot_grid/prismlike_robot_grid_N6.lcgs,robot_grid/everyone_starts_home_TRUE.json,8,0.02364271879196167,lrs
prismlike_rc6_2,robot_grid/prismlike_robot_grid_N6.lcgs,robot_grid/everyone_starts_home_TRUE.json,16,0.028590016067028046,lrs
prismlike_rc6_2,robot_grid/prismlike_robot_grid_N6.lcgs,robot_grid/everyone_starts_home_TRUE.json,32,0.03478381969034672,lrs
prismlike_rc6_3,robot_grid/prismlike_robot_grid_N6.lcgs,robot_grid/exist_path_to_targets_with_no_crashes_TRUE.json,1,3.087159523740411,lrs
prismlike_rc6_3,robot_grid/prismlike_robot_grid_N6.lcgs,robot_grid/exist_path_to_targets_with_no_crashes_TRUE.json,2,5.454825311899185,lrs
prismlike_rc6_3,robot_grid/prismlike_robot_grid_N6.lcgs,robot_grid/exist_path_to_targets_with_no_crashes_TRUE.json,4,55.40971860289574,lrs
prismlike_rc6_3,robot_grid/prismlike_robot_grid_N6.lcgs,robot_grid/exist_path_to_targets_with_no_crashes_TRUE.json,8,81.96510538086295,lrs
prismlike_rc6_3,robot_grid/prismlike_robot_grid_N6.lcgs,robot_grid/exist_path_to_targets_with_no_crashes_TRUE.json,16,141.2482918370515,lrs
prismlike_rc6_3,robot_grid/prismlike_robot_grid_N6.lcgs,robot_grid/exist_path_to_targets_with_no_crashes_TRUE.json,32,75.65727095492184,lrs
prismlike_rc7_1,robot_grid/prismlike_robot_grid_N7.lcgs,robot_grid/can_r1_and_r2_swap_with_help_from_r3_FALSE.json,1,7200.0,lrs
prismlike_rc7_1,robot_grid/prismlike_robot_grid_N7.lcgs,robot_grid/can_r1_and_r2_swap_with_help_from_r3_FALSE.json,2,7200.0,lrs
prismlike_rc7_1,robot_grid/prismlike_robot_grid_N7.lcgs,robot_grid/can_r1_and_r2_swap_with_help_from_r3_FALSE.json,4,7200.0,lrs
prismlike_rc7_1,robot_grid/prismlike_robot_grid_N7.lcgs,robot_grid/can_r1_and_r2_swap_with_help_from_r3_FALSE.json,8,4150.73245953396,lrs
prismlike_rc7_1,robot_grid/prismlike_robot_grid_N7.lcgs,robot_grid/can_r1_and_r2_swap_with_help_from_r3_FALSE.json,16,1954.1349571235478,lrs
prismlike_rc7_1,robot_grid/prismlike_robot_grid_N7.lcgs,robot_grid/can_r1_and_r2_swap_with_help_from_r3_FALSE.json,32,855.2674040626734,lrs
prismlike_rc7_2,robot_grid/prismlike_robot_grid_N7.lcgs,robot_grid/everyone_starts_home_TRUE.json,1,0.037703536450862885,lrs
prismlike_rc7_2,robot_grid/prismlike_robot_grid_N7.lcgs,robot_grid/everyone_starts_home_TRUE.json,2,0.02286871336400509,lrs
prismlike_rc7_2,robot_grid/prismlike_robot_grid_N7.lcgs,robot_grid/everyone_starts_home_TRUE.json,4,0.025104990229010582,lrs
prismlike_rc7_2,robot_grid/prismlike_robot_grid_N7.lcgs,robot_grid/everyone_starts_home_TRUE.json,8,0.02580185979604721,lrs
prismlike_rc7_2,robot_grid/prismlike_robot_grid_N7.lcgs,robot_grid/everyone_starts_home_TRUE.json,16,0.029461437836289406,lrs
prismlike_rc7_2,robot_grid/prismlike_robot_grid_N7.lcgs,robot_grid/everyone_starts_home_TRUE.json,32,0.04116208851337433,lrs
prismlike_rc7_3,robot_grid/prismlike_robot_grid_N7.lcgs,robot_grid/exist_path_to_targets_with_no_crashes_TRUE.json,1,4.425887523218989,lrs
prismlike_rc7_3,robot_grid/prismlike_robot_grid_N7.lcgs,robot_grid/exist_path_to_targets_with_no_crashes_TRUE.json,2,16.7340353038162,lrs
prismlike_rc7_3,robot_grid/prismlike_robot_grid_N7.lcgs,robot_grid/exist_path_to_targets_with_no_crashes_TRUE.json,4,210.84068521298468,lrs
prismlike_rc7_3,robot_grid/prismlike_robot_grid_N7.lcgs,robot_grid/exist_path_to_targets_with_no_crashes_TRUE.json,8,109.68886607512832,lrs
prismlike_rc7_3,robot_grid/prismlike_robot_grid_N7.lcgs,robot_grid/exist_path_to_targets_with_no_crashes_TRUE.json,16,752.2274574358016,lrs
prismlike_rc7_3,robot_grid/prismlike_robot_grid_N7.lcgs,robot_grid/exist_path_to_targets_with_no_crashes_TRUE.json,32,212.0675913952291,lrs
